institute,study,library_id_fixed,n_cells,library_id_is_sanger,n_unique_bs,dataset_acc,library_acc,,comment
Karolinska,Braun_et_al._2022_bioRxiv,10X101_1,6610,FALSE,6610,EGAD00001006049,10X101_1,,
Karolinska,Braun_et_al._2022_bioRxiv,10X101_2,7579,FALSE,7579,EGAD00001006049,10X101_2,,
Karolinska,Braun_et_al._2022_bioRxiv,10X101_3,7635,FALSE,7635,EGAD00001006049,10X101_3,,
Karolinska,Braun_et_al._2022_bioRxiv,10X101_4,6970,FALSE,6970,EGAD00001006049,10X101_4,,
Karolinska,Braun_et_al._2022_bioRxiv,10X101_5,6135,FALSE,6135,EGAD00001006049,10X101_5,,
Karolinska,Braun_et_al._2022_bioRxiv,10X101_6,6547,FALSE,6547,EGAD00001006049,10X101_6,,
Karolinska,Braun_et_al._2022_bioRxiv,10X101_7,6345,FALSE,6345,EGAD00001006049,10X101_7,,
Karolinska,Braun_et_al._2022_bioRxiv,10X101_8,6426,FALSE,6426,EGAD00001006049,10X101_8,,
Karolinska,Braun_et_al._2022_bioRxiv,10X102_1,5607,FALSE,5607,EGAD00001006049,10X102_1,,
Karolinska,Braun_et_al._2022_bioRxiv,10X102_2,4230,FALSE,4230,EGAD00001006049,10X102_2,,
Karolinska,Braun_et_al._2022_bioRxiv,10X102_3,6055,FALSE,6055,EGAD00001006049,10X102_3,,
Karolinska,Braun_et_al._2022_bioRxiv,10X102_4,6652,FALSE,6652,EGAD00001006049,10X102_4,,
Karolinska,Braun_et_al._2022_bioRxiv,10X102_5,2950,FALSE,2950,EGAD00001006049,10X102_5,,
Karolinska,Braun_et_al._2022_bioRxiv,10X102_6,3357,FALSE,3357,EGAD00001006049,10X102_6,,
Karolinska,Braun_et_al._2022_bioRxiv,10X102_7,2018,FALSE,2018,EGAD00001006049,10X102_7,,
Karolinska,Braun_et_al._2022_bioRxiv,10X102_8,3688,FALSE,3688,EGAD00001006049,10X102_8,,
Karolinska,Braun_et_al._2022_bioRxiv,10X104_1,4154,FALSE,4154,EGAD00001006049,10X104_1,,
Karolinska,Braun_et_al._2022_bioRxiv,10X104_3,4579,FALSE,4579,EGAD00001006049,10X104_3,,
Karolinska,Braun_et_al._2022_bioRxiv,10X104_4,4529,FALSE,4529,EGAD00001006049,10X104_4,,
Karolinska,Braun_et_al._2022_bioRxiv,10X104_5,4298,FALSE,4298,EGAD00001006049,10X104_5,,
Karolinska,Braun_et_al._2022_bioRxiv,10X104_6,4488,FALSE,4488,EGAD00001006049,10X104_6,,
Karolinska,Braun_et_al._2022_bioRxiv,10X104_7,4941,FALSE,4941,EGAD00001006049,10X104_7,,
Karolinska,Braun_et_al._2022_bioRxiv,10X104_8,4469,FALSE,4469,EGAD00001006049,10X104_8,,
Karolinska,Braun_et_al._2022_bioRxiv,10X109_2,1833,FALSE,1833,EGAD00001006049,10X109_2,,
Karolinska,Braun_et_al._2022_bioRxiv,10X109_3,2246,FALSE,2246,EGAD00001006049,10X109_3,,
Karolinska,Braun_et_al._2022_bioRxiv,10X109_4,4030,FALSE,4030,EGAD00001006049,10X109_4,,
Karolinska,Braun_et_al._2022_bioRxiv,10X109_7,2284,FALSE,2284,EGAD00001006049,10X109_7,,
Karolinska,Braun_et_al._2022_bioRxiv,10X110_4,2301,FALSE,2301,EGAD00001006049,10X110_4,,
Karolinska,Braun_et_al._2022_bioRxiv,10X110_5,6957,FALSE,6957,EGAD00001006049,10X110_5,,
Karolinska,Braun_et_al._2022_bioRxiv,10X110_6,5178,FALSE,5178,EGAD00001006049,10X110_6,,
Karolinska,Braun_et_al._2022_bioRxiv,10X111_1,8862,FALSE,8862,EGAD00001006049,10X111_1,,
Karolinska,Braun_et_al._2022_bioRxiv,10X111_2,9142,FALSE,9142,EGAD00001006049,10X111_2,,
Karolinska,Braun_et_al._2022_bioRxiv,10X112_1,10925,FALSE,10925,EGAD00001006049,10X112_1,,
Karolinska,Braun_et_al._2022_bioRxiv,10X112_2,9902,FALSE,9902,EGAD00001006049,10X112_2,,
Karolinska,Braun_et_al._2022_bioRxiv,10X114_1,11319,FALSE,11319,EGAD00001006049,10X114_1,,
Karolinska,Braun_et_al._2022_bioRxiv,10X114_3,7081,FALSE,7081,EGAD00001006049,10X114_3,,
Karolinska,Braun_et_al._2022_bioRxiv,10X114_4,8317,FALSE,8317,EGAD00001006049,10X114_4,,
Karolinska,Braun_et_al._2022_bioRxiv,10X115_1,3992,FALSE,3992,EGAD00001006049,10X115_1,,
Karolinska,Braun_et_al._2022_bioRxiv,10X115_2,3560,FALSE,3560,EGAD00001006049,10X115_2,,
Karolinska,Braun_et_al._2022_bioRxiv,10X115_3,3970,FALSE,3970,EGAD00001006049,10X115_3,,
Karolinska,Braun_et_al._2022_bioRxiv,10X115_5,3879,FALSE,3879,EGAD00001006049,10X115_5,,
Karolinska,Braun_et_al._2022_bioRxiv,10X115_6,4576,FALSE,4576,EGAD00001006049,10X115_6,,
Karolinska,Braun_et_al._2022_bioRxiv,10X115_7,4447,FALSE,4447,EGAD00001006049,10X115_7,,
Karolinska,Braun_et_al._2022_bioRxiv,10X115_8,4416,FALSE,4416,EGAD00001006049,10X115_8,,
Karolinska,Braun_et_al._2022_bioRxiv,10X116_1,5007,FALSE,5007,EGAD00001006049,10X116_1,,
Karolinska,Braun_et_al._2022_bioRxiv,10X116_2,687,FALSE,687,EGAD00001006049,10X116_2,,
Karolinska,Braun_et_al._2022_bioRxiv,10X116_3,4523,FALSE,4523,EGAD00001006049,10X116_3,,
Karolinska,Braun_et_al._2022_bioRxiv,10X116_4,5152,FALSE,5152,EGAD00001006049,10X116_4,,
Karolinska,Braun_et_al._2022_bioRxiv,10X116_5,4084,FALSE,4084,EGAD00001006049,10X116_5,,
Karolinska,Braun_et_al._2022_bioRxiv,10X116_6,3830,FALSE,3830,EGAD00001006049,10X116_6,,
Karolinska,Braun_et_al._2022_bioRxiv,10X116_7,3853,FALSE,3853,EGAD00001006049,10X116_7,,
Karolinska,Braun_et_al._2022_bioRxiv,10X116_8,3971,FALSE,3971,EGAD00001006049,10X116_8,,
Karolinska,Braun_et_al._2022_bioRxiv,10X118_1,4690,FALSE,4690,EGAD00001006049,10X118_1,,
Karolinska,Braun_et_al._2022_bioRxiv,10X118_2,3808,FALSE,3808,EGAD00001006049,10X118_2,,
Karolinska,Braun_et_al._2022_bioRxiv,10X118_3,3988,FALSE,3988,EGAD00001006049,10X118_3,,
Karolinska,Braun_et_al._2022_bioRxiv,10X118_4,4311,FALSE,4311,EGAD00001006049,10X118_4,,
Karolinska,Braun_et_al._2022_bioRxiv,10X118_5,2985,FALSE,2985,EGAD00001006049,10X118_5,,
Karolinska,Braun_et_al._2022_bioRxiv,10X118_6,3106,FALSE,3106,EGAD00001006049,10X118_6,,
Karolinska,Braun_et_al._2022_bioRxiv,10X118_7,3454,FALSE,3454,EGAD00001006049,10X118_7,,
Karolinska,Braun_et_al._2022_bioRxiv,10X118_8,3199,FALSE,3199,EGAD00001006049,10X118_8,,
Karolinska,Braun_et_al._2022_bioRxiv,10X119_1,4384,FALSE,4384,EGAD00001006049,10X119_1,,
Karolinska,Braun_et_al._2022_bioRxiv,10X119_2,3956,FALSE,3956,EGAD00001006049,10X119_2,,
Karolinska,Braun_et_al._2022_bioRxiv,10X119_3,2598,FALSE,2598,EGAD00001006049,10X119_3,,
Karolinska,Braun_et_al._2022_bioRxiv,10X119_4,3911,FALSE,3911,EGAD00001006049,10X119_4,,
Karolinska,Braun_et_al._2022_bioRxiv,10X119_5,4527,FALSE,4527,EGAD00001006049,10X119_5,,
Karolinska,Braun_et_al._2022_bioRxiv,10X119_6,4561,FALSE,4561,EGAD00001006049,10X119_6,,
Karolinska,Braun_et_al._2022_bioRxiv,10X119_7,4436,FALSE,4436,EGAD00001006049,10X119_7,,
Karolinska,Braun_et_al._2022_bioRxiv,10X119_8,4107,FALSE,4107,EGAD00001006049,10X119_8,,
Karolinska,Braun_et_al._2022_bioRxiv,10X122_1,4788,FALSE,4788,EGAD00001006049,10X122_1,,
Karolinska,Braun_et_al._2022_bioRxiv,10X122_2,4164,FALSE,4164,EGAD00001006049,10X122_2,,
Karolinska,Braun_et_al._2022_bioRxiv,10X122_3,4161,FALSE,4161,EGAD00001006049,10X122_3,,
Karolinska,Braun_et_al._2022_bioRxiv,10X122_5,2933,FALSE,2933,EGAD00001006049,10X122_5,,
Karolinska,Braun_et_al._2022_bioRxiv,10X122_6,3912,FALSE,3912,EGAD00001006049,10X122_6,,
Karolinska,Braun_et_al._2022_bioRxiv,10X122_7,2820,FALSE,2820,EGAD00001006049,10X122_7,,
Karolinska,Braun_et_al._2022_bioRxiv,10X122_8,3322,FALSE,3322,EGAD00001006049,10X122_8,,
Karolinska,Braun_et_al._2022_bioRxiv,10X123_1,3731,FALSE,3731,EGAD00001006049,10X123_1,,
Karolinska,Braun_et_al._2022_bioRxiv,10X123_2,3761,FALSE,3761,EGAD00001006049,10X123_2,,
Karolinska,Braun_et_al._2022_bioRxiv,10X123_3,3278,FALSE,3278,EGAD00001006049,10X123_3,,
Karolinska,Braun_et_al._2022_bioRxiv,10X123_4,3995,FALSE,3995,EGAD00001006049,10X123_4,,
Karolinska,Braun_et_al._2022_bioRxiv,10X123_5,4161,FALSE,4161,EGAD00001006049,10X123_5,,
Karolinska,Braun_et_al._2022_bioRxiv,10X123_6,4047,FALSE,4047,EGAD00001006049,10X123_6,,
Karolinska,Braun_et_al._2022_bioRxiv,10X123_7,6130,FALSE,6130,EGAD00001006049,10X123_7,,
Karolinska,Braun_et_al._2022_bioRxiv,10X123_8,5162,FALSE,5162,EGAD00001006049,10X123_8,,
Karolinska,Braun_et_al._2022_bioRxiv,10X124_1,3236,FALSE,3236,EGAD00001006049,10X124_1,,
Karolinska,Braun_et_al._2022_bioRxiv,10X124_2,3091,FALSE,3091,EGAD00001006049,10X124_2,,
Karolinska,Braun_et_al._2022_bioRxiv,10X124_3,2499,FALSE,2499,EGAD00001006049,10X124_3,,
Karolinska,Braun_et_al._2022_bioRxiv,10X124_4,2557,FALSE,2557,EGAD00001006049,10X124_4,,
Karolinska,Braun_et_al._2022_bioRxiv,10X124_5,2796,FALSE,2796,EGAD00001006049,10X124_5,,
Karolinska,Braun_et_al._2022_bioRxiv,10X124_6,3023,FALSE,3023,EGAD00001006049,10X124_6,,
Karolinska,Braun_et_al._2022_bioRxiv,10X124_7,5257,FALSE,5257,EGAD00001006049,10X124_7,,
Karolinska,Braun_et_al._2022_bioRxiv,10X124_8,5142,FALSE,5142,EGAD00001006049,10X124_8,,
Karolinska,Braun_et_al._2022_bioRxiv,10X125_1,2903,FALSE,2903,EGAD00001006049,10X125_1,,
Karolinska,Braun_et_al._2022_bioRxiv,10X125_2,2406,FALSE,2406,EGAD00001006049,10X125_2,,
Karolinska,Braun_et_al._2022_bioRxiv,10X125_3,3013,FALSE,3013,EGAD00001006049,10X125_3,,
Karolinska,Braun_et_al._2022_bioRxiv,10X125_4,2233,FALSE,2233,EGAD00001006049,10X125_4,,
Karolinska,Braun_et_al._2022_bioRxiv,10X125_5,4481,FALSE,4481,EGAD00001006049,10X125_5,,
Karolinska,Braun_et_al._2022_bioRxiv,10X125_6,2085,FALSE,2085,EGAD00001006049,10X125_6,,
Karolinska,Braun_et_al._2022_bioRxiv,10X126_1,5562,FALSE,5562,EGAD00001006049,10X126_1,,
Karolinska,Braun_et_al._2022_bioRxiv,10X126_2,4939,FALSE,4939,EGAD00001006049,10X126_2,,
Karolinska,Braun_et_al._2022_bioRxiv,10X126_3,4522,FALSE,4522,EGAD00001006049,10X126_3,,
Karolinska,Braun_et_al._2022_bioRxiv,10X126_4,4657,FALSE,4657,EGAD00001006049,10X126_4,,
Karolinska,Braun_et_al._2022_bioRxiv,10X126_7,5911,FALSE,5911,EGAD00001006049,10X126_7,,
Karolinska,Braun_et_al._2022_bioRxiv,10X126_8,6249,FALSE,6249,EGAD00001006049,10X126_8,,
Karolinska,Braun_et_al._2022_bioRxiv,10X132_1,6601,FALSE,6601,EGAD00001006049,10X132_1,,
Karolinska,Braun_et_al._2022_bioRxiv,10X132_2,5711,FALSE,5711,EGAD00001006049,10X132_2,,
Karolinska,Braun_et_al._2022_bioRxiv,10X132_3,5819,FALSE,5819,EGAD00001006049,10X132_3,,
Karolinska,Braun_et_al._2022_bioRxiv,10X132_4,6105,FALSE,6105,EGAD00001006049,10X132_4,,
Karolinska,Braun_et_al._2022_bioRxiv,10X132_5,6294,FALSE,6294,EGAD00001006049,10X132_5,,
Karolinska,Braun_et_al._2022_bioRxiv,10X132_6,6409,FALSE,6409,EGAD00001006049,10X132_6,,
Karolinska,Braun_et_al._2022_bioRxiv,10X132_7,6876,FALSE,6876,EGAD00001006049,10X132_7,,
Karolinska,Braun_et_al._2022_bioRxiv,10X132_8,6772,FALSE,6772,EGAD00001006049,10X132_8,,
Karolinska,Braun_et_al._2022_bioRxiv,10X147_1,6127,FALSE,6127,EGAD50000001295,10X147_1_ABC_1,,
Karolinska,Braun_et_al._2022_bioRxiv,10X147_2,5273,FALSE,5273,EGAD00001006049,10X147_2,,
Karolinska,Braun_et_al._2022_bioRxiv,10X148_1,5511,FALSE,5511,EGAD00001006049,10X148_1,,
Karolinska,Braun_et_al._2022_bioRxiv,10X148_2,5289,FALSE,5289,EGAD00001006049,10X148_2,,
Karolinska,Braun_et_al._2022_bioRxiv,10X152_1,7191,FALSE,7191,EGAD00001006049,10X152_1,,
Karolinska,Braun_et_al._2022_bioRxiv,10X152_2,7238,FALSE,7238,EGAD00001006049,10X152_2,,
Karolinska,Braun_et_al._2022_bioRxiv,10X152_3,4570,FALSE,4570,EGAD00001006049,10X152_3,,
Karolinska,Braun_et_al._2022_bioRxiv,10X152_4,4507,FALSE,4507,EGAD00001006049,10X152_4,,
Karolinska,Braun_et_al._2022_bioRxiv,10X152_5,6745,FALSE,6745,EGAD00001006049,10X152_5,,
Karolinska,Braun_et_al._2022_bioRxiv,10X152_6,6959,FALSE,6959,EGAD00001006049,10X152_6,,
Karolinska,Braun_et_al._2022_bioRxiv,10X152_7,7169,FALSE,7169,EGAD00001006049,10X152_7,,
Karolinska,Braun_et_al._2022_bioRxiv,10X152_8,7011,FALSE,7011,EGAD00001006049,10X152_8,,
Karolinska,Braun_et_al._2022_bioRxiv,10X154_1,7416,FALSE,7416,EGAD00001006049,10X154_1,,
Karolinska,Braun_et_al._2022_bioRxiv,10X154_2,7229,FALSE,7229,EGAD00001006049,10X154_2,,
Karolinska,Braun_et_al._2022_bioRxiv,10X154_3,6883,FALSE,6883,EGAD00001006049,10X154_3,,
Karolinska,Braun_et_al._2022_bioRxiv,10X154_4,7036,FALSE,7036,EGAD00001006049,10X154_4,,
Karolinska,Braun_et_al._2022_bioRxiv,10X156_1,4785,FALSE,4785,EGAD00001006049,10X156_1,,
Karolinska,Braun_et_al._2022_bioRxiv,10X156_2,4546,FALSE,4546,EGAD00001006049,10X156_2,,
Karolinska,Braun_et_al._2022_bioRxiv,10X156_3,6538,FALSE,6538,EGAD00001006049,10X156_3,,
Karolinska,Braun_et_al._2022_bioRxiv,10X156_4,6564,FALSE,6564,EGAD00001006049,10X156_4,,
Karolinska,Braun_et_al._2022_bioRxiv,10X156_5,6604,FALSE,6604,EGAD00001006049,10X156_5,,
Karolinska,Braun_et_al._2022_bioRxiv,10X156_6,7038,FALSE,7038,EGAD00001006049,10X156_6,,
Karolinska,Braun_et_al._2022_bioRxiv,10X156_7,5292,FALSE,5292,EGAD00001006049,10X156_7,,
Karolinska,Braun_et_al._2022_bioRxiv,10X156_8,6501,FALSE,6501,EGAD00001006049,10X156_8,,
Karolinska,Braun_et_al._2022_bioRxiv,10X157_1,8354,FALSE,8354,EGAD00001006049,10X157_1,,
Karolinska,Braun_et_al._2022_bioRxiv,10X157_2,9326,FALSE,9326,EGAD00001006049,10X157_2,,
Karolinska,Braun_et_al._2022_bioRxiv,10X163_1,6276,FALSE,6276,EGAD00001006049,10X163_1,,
Karolinska,Braun_et_al._2022_bioRxiv,10X163_2,6083,FALSE,6083,EGAD00001006049,10X163_2,,
Karolinska,Braun_et_al._2022_bioRxiv,10X163_3,3426,FALSE,3426,EGAD00001006049,10X163_3,,
Karolinska,Braun_et_al._2022_bioRxiv,10X163_4,3460,FALSE,3460,EGAD00001006049,10X163_4,,
Karolinska,Braun_et_al._2022_bioRxiv,10X163_7,6317,FALSE,6317,EGAD00001006049,10X163_7,,
Karolinska,Braun_et_al._2022_bioRxiv,10X163_8,6130,FALSE,6130,EGAD00001006049,10X163_8,,
Karolinska,Braun_et_al._2022_bioRxiv,10X164_1,5801,FALSE,5801,EGAD00001006049,10X164_1,,
Karolinska,Braun_et_al._2022_bioRxiv,10X164_2,4993,FALSE,4993,EGAD00001006049,10X164_2,,
Karolinska,Braun_et_al._2022_bioRxiv,10X164_3,2405,FALSE,2405,EGAD00001006049,10X164_3,,
Karolinska,Braun_et_al._2022_bioRxiv,10X164_4,2361,FALSE,2361,EGAD00001006049,10X164_4,,
Karolinska,Braun_et_al._2022_bioRxiv,10X164_5,2518,FALSE,2518,EGAD00001006049,10X164_5,,
Karolinska,Braun_et_al._2022_bioRxiv,10X164_6,4221,FALSE,4221,EGAD00001006049,10X164_6,,
Karolinska,Braun_et_al._2022_bioRxiv,10X164_7,4186,FALSE,4186,EGAD00001006049,10X164_7,,
Karolinska,Braun_et_al._2022_bioRxiv,10X165_1,3075,FALSE,3075,EGAD00001006049,10X165_1,,
Karolinska,Braun_et_al._2022_bioRxiv,10X165_3,3572,FALSE,3572,EGAD00001006049,10X165_3,,
Karolinska,Braun_et_al._2022_bioRxiv,10X165_4,3496,FALSE,3496,EGAD00001006049,10X165_4,,
Karolinska,Braun_et_al._2022_bioRxiv,10X167_1,4481,FALSE,4481,EGAD00001006049,10X167_1,,
Karolinska,Braun_et_al._2022_bioRxiv,10X167_2,5158,FALSE,5158,EGAD00001006049,10X167_2,,
Karolinska,Braun_et_al._2022_bioRxiv,10X167_5,5528,FALSE,5528,EGAD00001006049,10X167_5,,
Karolinska,Braun_et_al._2022_bioRxiv,10X167_6,5129,FALSE,5129,EGAD00001006049,10X167_6,,
Karolinska,Braun_et_al._2022_bioRxiv,10X167_7,5415,FALSE,5415,EGAD00001006049,10X167_7,,
Karolinska,Braun_et_al._2022_bioRxiv,10X167_8,5170,FALSE,5170,EGAD00001006049,10X167_8,,
Karolinska,Braun_et_al._2022_bioRxiv,10X168_1,3943,FALSE,3943,EGAD00001006049,10X168_1,,
Karolinska,Braun_et_al._2022_bioRxiv,10X168_2,3946,FALSE,3946,EGAD00001006049,10X168_2,,
Karolinska,Braun_et_al._2022_bioRxiv,10X168_3,4299,FALSE,4299,EGAD00001006049,10X168_3,,
Karolinska,Braun_et_al._2022_bioRxiv,10X168_4,5030,FALSE,5030,EGAD00001006049,10X168_4,,
Karolinska,Braun_et_al._2022_bioRxiv,10X168_5,4860,FALSE,4860,EGAD00001006049,10X168_5,,
Karolinska,Braun_et_al._2022_bioRxiv,10X168_6,5070,FALSE,5070,EGAD00001006049,10X168_6,,
Karolinska,Braun_et_al._2022_bioRxiv,10X169_1,5539,FALSE,5539,EGAD00001006049,10X169_1,,
Karolinska,Braun_et_al._2022_bioRxiv,10X169_2,5324,FALSE,5324,EGAD00001006049,10X169_2,,
Karolinska,Braun_et_al._2022_bioRxiv,10X169_4,5081,FALSE,5081,EGAD00001006049,10X169_4,,
Karolinska,Braun_et_al._2022_bioRxiv,10X169_5,7166,FALSE,7166,EGAD00001006049,10X169_5,,
Karolinska,Braun_et_al._2022_bioRxiv,10X169_6,7452,FALSE,7452,EGAD00001006049,10X169_6,,
Karolinska,Braun_et_al._2022_bioRxiv,10X169_7,6580,FALSE,6580,EGAD00001006049,10X169_7,,
Karolinska,Braun_et_al._2022_bioRxiv,10X169_8,8503,FALSE,8503,EGAD00001006049,10X169_8,,
Karolinska,Braun_et_al._2022_bioRxiv,10X170_1,5010,FALSE,5010,EGAD00001006049,10X170_1,,
Karolinska,Braun_et_al._2022_bioRxiv,10X170_2,4998,FALSE,4998,EGAD00001006049,10X170_2,,
Karolinska,Braun_et_al._2022_bioRxiv,10X170_3,7305,FALSE,7305,EGAD00001006049,10X170_3,,
Karolinska,Braun_et_al._2022_bioRxiv,10X170_4,7312,FALSE,7312,EGAD00001006049,10X170_4,,
Karolinska,Braun_et_al._2022_bioRxiv,10X177_4,6693,FALSE,6693,EGAD00001006049,10X177_4,,
Karolinska,Braun_et_al._2022_bioRxiv,10X177_5,6807,FALSE,6807,EGAD00001006049,10X177_5,,
Karolinska,Braun_et_al._2022_bioRxiv,10X177_6,6788,FALSE,6788,EGAD00001006049,10X177_6,,
Karolinska,Braun_et_al._2022_bioRxiv,10X178_1,6117,FALSE,6117,EGAD00001006049,10X178_1,,
Karolinska,Braun_et_al._2022_bioRxiv,10X178_2,7581,FALSE,7581,EGAD00001006049,10X178_2,,
Karolinska,Braun_et_al._2022_bioRxiv,10X178_3,7543,FALSE,7543,EGAD00001006049,10X178_3,,
Karolinska,Braun_et_al._2022_bioRxiv,10X178_4,4086,FALSE,4086,EGAD00001006049,10X178_4,,
Karolinska,Braun_et_al._2022_bioRxiv,10X178_5,5905,FALSE,5905,EGAD00001006049,10X178_5,,
Karolinska,Braun_et_al._2022_bioRxiv,10X179_4,4465,FALSE,4465,EGAD00001006049,10X179_4,,
Karolinska,Braun_et_al._2022_bioRxiv,10X181_3,6796,FALSE,6796,EGAD00001006049,10X181_3,,
Karolinska,Braun_et_al._2022_bioRxiv,10X185_1,3717,FALSE,3717,EGAD00001006049,10X185_1,,
Karolinska,Braun_et_al._2022_bioRxiv,10X185_2,3232,FALSE,3232,EGAD00001006049,10X185_2,,
Karolinska,Braun_et_al._2022_bioRxiv,10X185_4,4358,FALSE,4358,EGAD00001006049,10X185_4,,
Karolinska,Braun_et_al._2022_bioRxiv,10X185_5,4440,FALSE,4440,EGAD00001006049,10X185_5,,
Karolinska,Braun_et_al._2022_bioRxiv,10X185_6,4632,FALSE,4632,EGAD00001006049,10X185_6,,
Karolinska,Braun_et_al._2022_bioRxiv,10X185_7,6972,FALSE,6972,EGAD00001006049,10X185_7,,
Karolinska,Braun_et_al._2022_bioRxiv,10X185_8,7085,FALSE,7085,EGAD00001006049,10X185_8,,
Karolinska,Braun_et_al._2022_bioRxiv,10X186_1,3521,FALSE,3521,EGAD50000001295,10X186_1_ABC_1,,
Karolinska,Braun_et_al._2022_bioRxiv,10X186_3,4657,FALSE,4657,EGAD00001006049,10X186_3,,
Karolinska,Braun_et_al._2022_bioRxiv,10X186_4,5708,FALSE,5708,EGAD50000001295,10X186_4_ABC_1,,
Karolinska,Braun_et_al._2022_bioRxiv,10X187_1,2692,FALSE,2692,EGAD50000001295,10X187_1_ABC_1,,
Karolinska,Braun_et_al._2022_bioRxiv,10X187_2,2478,FALSE,2478,EGAD50000001295,10X187_2_ABC_1,,
Karolinska,Braun_et_al._2022_bioRxiv,10X187_3,3754,FALSE,3754,EGAD50000001295,10X187_3_ABC_1,,
Karolinska,Braun_et_al._2022_bioRxiv,10X187_4,3827,FALSE,3827,EGAD50000001295,10X187_4_ABC_1,,
Karolinska,Braun_et_al._2022_bioRxiv,10X187_5,3739,FALSE,3739,EGAD00001006049,10X187_5,,
Karolinska,Braun_et_al._2022_bioRxiv,10X187_6,3490,FALSE,3490,EGAD50000001295,10X187_6_ABC_1,,
Karolinska,Braun_et_al._2022_bioRxiv,10X187_7,2706,FALSE,2706,EGAD00001006049,10X187_7,,
Karolinska,Braun_et_al._2022_bioRxiv,10X187_8,3074,FALSE,3074,EGAD50000001295,10X187_8_ABC_1,,
Karolinska,Braun_et_al._2022_bioRxiv,10X188_1,2648,FALSE,2648,EGAD50000001295,10X188_1_ABC_1,,
Karolinska,Braun_et_al._2022_bioRxiv,10X188_2,3250,FALSE,3250,EGAD50000001295,10X188_2_ABC_1,,
Karolinska,Braun_et_al._2022_bioRxiv,10X188_3,3037,FALSE,3037,EGAD50000001295,10X188_3_ABC_1,,
Karolinska,Braun_et_al._2022_bioRxiv,10X188_4,2784,FALSE,2784,EGAD50000001295,10X188_4_ABC_1,,
Karolinska,Braun_et_al._2022_bioRxiv,10X196_1,5566,FALSE,5566,EGAD00001006049,10X196_1,,
Karolinska,Braun_et_al._2022_bioRxiv,10X196_2,5675,FALSE,5675,EGAD00001006049,10X196_2,,
Karolinska,Braun_et_al._2022_bioRxiv,10X196_5,7262,FALSE,7262,EGAD00001006049,10X196_5,,
Karolinska,Braun_et_al._2022_bioRxiv,10X196_6,7684,FALSE,7684,EGAD00001006049,10X196_6,,
Karolinska,Braun_et_al._2022_bioRxiv,10X197_1,5010,FALSE,5010,EGAD00001006049,10X197_1,,
Karolinska,Braun_et_al._2022_bioRxiv,10X197_2,5447,FALSE,5447,EGAD00001006049,10X197_2,,
Karolinska,Braun_et_al._2022_bioRxiv,10X197_5,7277,FALSE,7277,EGAD00001006049,10X197_5,,
Karolinska,Braun_et_al._2022_bioRxiv,10X197_6,6751,FALSE,6751,EGAD00001006049,10X197_6,,
Karolinska,Braun_et_al._2022_bioRxiv,10X198_1,5326,FALSE,5326,EGAD00001006049,10X198_1,,
Karolinska,Braun_et_al._2022_bioRxiv,10X198_2,5700,FALSE,5700,EGAD00001006049,10X198_2,,
Karolinska,Braun_et_al._2022_bioRxiv,10X198_3,7927,FALSE,7927,EGAD00001006049,10X198_3,,
Karolinska,Braun_et_al._2022_bioRxiv,10X198_4,9201,FALSE,9201,EGAD00001006049,10X198_4,,
Karolinska,Braun_et_al._2022_bioRxiv,10X198_5,6722,FALSE,6722,EGAD00001006049,10X198_5,,
Karolinska,Braun_et_al._2022_bioRxiv,10X198_6,6347,FALSE,6347,EGAD00001006049,10X198_6,,
Karolinska,Braun_et_al._2022_bioRxiv,10X199_1,4642,FALSE,4642,EGAD00001006049,10X199_1,,
Karolinska,Braun_et_al._2022_bioRxiv,10X199_2,5193,FALSE,5193,EGAD00001006049,10X199_2,,
Karolinska,Braun_et_al._2022_bioRxiv,10X199_3,5267,FALSE,5267,EGAD00001006049,10X199_3,,
Karolinska,Braun_et_al._2022_bioRxiv,10X199_4,5780,FALSE,5780,EGAD00001006049,10X199_4,,
Karolinska,Braun_et_al._2022_bioRxiv,10X199_5,5977,FALSE,5977,EGAD00001006049,10X199_5,,
Karolinska,Braun_et_al._2022_bioRxiv,10X199_6,5893,FALSE,5893,EGAD00001006049,10X199_6,,
Karolinska,Braun_et_al._2022_bioRxiv,10X199_7,6424,FALSE,6424,EGAD00001006049,10X199_7,,
Karolinska,Braun_et_al._2022_bioRxiv,10X199_8,6465,FALSE,6465,EGAD00001006049,10X199_8,,
Karolinska,Braun_et_al._2022_bioRxiv,10X200_1,8784,FALSE,8784,EGAD00001006049,10X200_1,,
Karolinska,Braun_et_al._2022_bioRxiv,10X200_2,6901,FALSE,6901,EGAD00001006049,10X200_2,,
Karolinska,Braun_et_al._2022_bioRxiv,10X200_3,5472,FALSE,5472,EGAD00001006049,10X200_3,,
Karolinska,Braun_et_al._2022_bioRxiv,10X207_1,4041,FALSE,4041,EGAD00001006049,10X207_1,,
Karolinska,Braun_et_al._2022_bioRxiv,10X207_2,4218,FALSE,4218,EGAD00001006049,10X207_2,,
Karolinska,Braun_et_al._2022_bioRxiv,10X207_3,4234,FALSE,4234,EGAD00001006049,10X207_3,,
Karolinska,Braun_et_al._2022_bioRxiv,10X208_1,4701,FALSE,4701,EGAD00001006049,10X208_1,,
Karolinska,Braun_et_al._2022_bioRxiv,10X208_2,4890,FALSE,4890,EGAD00001006049,10X208_2,,
Karolinska,Braun_et_al._2022_bioRxiv,10X208_3,3054,FALSE,3054,EGAD00001006049,10X208_3,,
Karolinska,Braun_et_al._2022_bioRxiv,10X208_4,3202,FALSE,3202,EGAD00001006049,10X208_4,,
Karolinska,Braun_et_al._2022_bioRxiv,10X208_5,4172,FALSE,4172,EGAD00001006049,10X208_5,,
Karolinska,Braun_et_al._2022_bioRxiv,10X208_6,4126,FALSE,4126,EGAD00001006049,10X208_6,,
Karolinska,Braun_et_al._2022_bioRxiv,10X208_7,4764,FALSE,4764,EGAD00001006049,10X208_7,,
Karolinska,Braun_et_al._2022_bioRxiv,10X208_8,4385,FALSE,4385,EGAD00001006049,10X208_8,,
Karolinska,Braun_et_al._2022_bioRxiv,10X209_1,4378,FALSE,4378,EGAD00001006049,10X209_1,,
Karolinska,Braun_et_al._2022_bioRxiv,10X209_2,4335,FALSE,4335,EGAD00001006049,10X209_2,,
Karolinska,Braun_et_al._2022_bioRxiv,10X209_3,4320,FALSE,4320,EGAD00001006049,10X209_3,,
Karolinska,Braun_et_al._2022_bioRxiv,10X210_1,3272,FALSE,3272,EGAD00001006049,10X210_1,,
Karolinska,Braun_et_al._2022_bioRxiv,10X210_2,3902,FALSE,3902,EGAD00001006049,10X210_2,,
Karolinska,Braun_et_al._2022_bioRxiv,10X210_3,2569,FALSE,2569,EGAD00001006049,10X210_3,,
Karolinska,Braun_et_al._2022_bioRxiv,10X210_4,2581,FALSE,2581,EGAD00001006049,10X210_4,,
Karolinska,Braun_et_al._2022_bioRxiv,10X210_5,3253,FALSE,3253,EGAD00001006049,10X210_5,,
Karolinska,Braun_et_al._2022_bioRxiv,10X210_6,3671,FALSE,3671,EGAD00001006049,10X210_6,,
Karolinska,Braun_et_al._2022_bioRxiv,10X210_7,3863,FALSE,3863,EGAD00001006049,10X210_7,,
Karolinska,Braun_et_al._2022_bioRxiv,10X210_8,4174,FALSE,4174,EGAD00001006049,10X210_8,,
Karolinska,Braun_et_al._2022_bioRxiv,10X211_1,3580,FALSE,3580,EGAD00001006049,10X211_1,,
Karolinska,Braun_et_al._2022_bioRxiv,10X211_2,2764,FALSE,2764,EGAD00001006049,10X211_2,,
Karolinska,Braun_et_al._2022_bioRxiv,10X211_3,2875,FALSE,2875,EGAD00001006049,10X211_3,,
Karolinska,Braun_et_al._2022_bioRxiv,10X211_4,3449,FALSE,3449,EGAD00001006049,10X211_4,,
Karolinska,Braun_et_al._2022_bioRxiv,10X211_5,3527,FALSE,3527,EGAD00001006049,10X211_5,,
Karolinska,Braun_et_al._2022_bioRxiv,10X212_1,4385,FALSE,4385,EGAD00001006049,10X212_1,,
Karolinska,Braun_et_al._2022_bioRxiv,10X212_2,4321,FALSE,4321,EGAD00001006049,10X212_2,,
Karolinska,Braun_et_al._2022_bioRxiv,10X212_3,3868,FALSE,3868,EGAD00001006049,10X212_3,,
Karolinska,Braun_et_al._2022_bioRxiv,10X212_4,4403,FALSE,4403,EGAD00001006049,10X212_4,,
Karolinska,Braun_et_al._2022_bioRxiv,10X212_5,3881,FALSE,3881,EGAD00001006049,10X212_5,,
Karolinska,Braun_et_al._2022_bioRxiv,10X212_6,3766,FALSE,3766,EGAD00001006049,10X212_6,,
Karolinska,Braun_et_al._2022_bioRxiv,10X213_1,3880,FALSE,3880,EGAD00001006049,10X213_1,,
Karolinska,Braun_et_al._2022_bioRxiv,10X213_2,5292,FALSE,5292,EGAD00001006049,10X213_2,,
Karolinska,Braun_et_al._2022_bioRxiv,10X213_3,2541,FALSE,2541,EGAD00001006049,10X213_3,,
Karolinska,Braun_et_al._2022_bioRxiv,10X213_4,2492,FALSE,2492,EGAD00001006049,10X213_4,,
Karolinska,Braun_et_al._2022_bioRxiv,10X251_7,2062,FALSE,2062,EGAD50000001295,10X251_7_AB_1,,
Karolinska,Braun_et_al._2022_bioRxiv,10X251_8,2153,FALSE,2153,EGAD50000001295,10X251_8_AB_1,,
Karolinska,Braun_et_al._2022_bioRxiv,10X252_1,1958,FALSE,1958,EGAD50000001295,10X252_1_AB_1,,
Karolinska,Braun_et_al._2022_bioRxiv,10X252_2,1734,FALSE,1734,EGAD50000001295,10X252_2_AB_1,,
Karolinska,Braun_et_al._2022_bioRxiv,10X252_3,1712,FALSE,1712,EGAD50000001295,10X252_3_AB_1,,
Karolinska,Braun_et_al._2022_bioRxiv,10X252_4,1880,FALSE,1880,EGAD50000001295,10X252_4_AB_1,,
Karolinska,Braun_et_al._2022_bioRxiv,10X252_5,1388,FALSE,1388,EGAD50000001295,10X252_5_AB_1,,
Karolinska,Braun_et_al._2022_bioRxiv,10X252_6,1270,FALSE,1270,EGAD50000001295,10X252_6_AB_1,,
Karolinska,Braun_et_al._2022_bioRxiv,10X252_7,1554,FALSE,1554,EGAD50000001295,10X252_7_AB_1,,
Karolinska,Braun_et_al._2022_bioRxiv,10X254_2,3463,FALSE,3463,EGAD50000001295,10X254_2_AB_1,,
Karolinska,Braun_et_al._2022_bioRxiv,10X254_3,2587,FALSE,2587,EGAD50000001295,10X254_3_AB_1,,
Karolinska,Braun_et_al._2022_bioRxiv,10X254_4,4902,FALSE,4902,EGAD50000001295,10X254_4_AB_1,,
Karolinska,Braun_et_al._2022_bioRxiv,10X254_5,3345,FALSE,3345,EGAD50000001295,10X254_5_AB_1,,
Karolinska,Braun_et_al._2022_bioRxiv,10X254_6,3668,FALSE,3668,EGAD50000001295,10X254_6_AB_1,,
Karolinska,Braun_et_al._2022_bioRxiv,10X254_7,2003,FALSE,2003,EGAD50000001295,10X254_7_AB_1,,
Karolinska,Braun_et_al._2022_bioRxiv,10X254_8,1875,FALSE,1875,EGAD50000001295,10X254_8_AB_1,,
Karolinska,Braun_et_al._2022_bioRxiv,10X255_1,3094,FALSE,3094,EGAD50000001295,10X255_1_AB_1,,
Karolinska,Braun_et_al._2022_bioRxiv,10X255_2,3122,FALSE,3122,EGAD50000001295,10X255_2_AB_1,,
Karolinska,Braun_et_al._2022_bioRxiv,10X255_3,3495,FALSE,3495,EGAD50000001295,10X255_3_AB_1,,
Karolinska,Braun_et_al._2022_bioRxiv,10X255_4,3479,FALSE,3479,EGAD50000001295,10X255_4_AB_1,,
Karolinska,Braun_et_al._2022_bioRxiv,10X255_6,3266,FALSE,3266,EGAD50000001295,10X255_6_AB_1,,
Karolinska,Braun_et_al._2022_bioRxiv,10X255_7,2743,FALSE,2743,EGAD50000001295,10X255_7_AB_1,,
Karolinska,Braun_et_al._2022_bioRxiv,10X257_1,3565,FALSE,3565,EGAD50000001295,10X257_1_AB_1,,
Karolinska,Braun_et_al._2022_bioRxiv,10X257_2,3635,FALSE,3635,EGAD50000001295,10X257_2_AB_1,,
Karolinska,Braun_et_al._2022_bioRxiv,10X257_4,4361,FALSE,4361,EGAD50000001295,10X257_4_AB_1,,
Karolinska,Braun_et_al._2022_bioRxiv,10X257_5,3306,FALSE,3306,EGAD50000001295,10X257_5_AB_1,,
Karolinska,Braun_et_al._2022_bioRxiv,10X257_6,5481,FALSE,5481,EGAD50000001295,10X257_6_AB_1,,
Karolinska,Braun_et_al._2022_bioRxiv,10X287_4,6747,FALSE,6747,EGAD50000001295,10X287_4_AB_1,,
Karolinska,Braun_et_al._2022_bioRxiv,10X287_5,6596,FALSE,6596,EGAD50000001295,10X287_5_AB_1,,
Karolinska,Braun_et_al._2022_bioRxiv,10X287_6,6621,FALSE,6621,EGAD50000001295,10X287_6_AB_1,,
Karolinska,Braun_et_al._2022_bioRxiv,10X287_7,6528,FALSE,6528,EGAD50000001295,10X287_7_AB_1,,
Karolinska,Braun_et_al._2022_bioRxiv,10X287_8,6793,FALSE,6793,EGAD50000001295,10X287_8_AB_1,,
Karolinska,Braun_et_al._2022_bioRxiv,10X288_1,6453,FALSE,6453,EGAD50000001295,10X288_1_AB_1,,
Karolinska,Braun_et_al._2022_bioRxiv,10X288_2,6283,FALSE,6283,EGAD50000001295,10X288_2_AB_1,,
Karolinska,Braun_et_al._2022_bioRxiv,10X288_3,6699,FALSE,6699,EGAD50000001295,10X288_3_AB_1,,
Karolinska,Braun_et_al._2022_bioRxiv,10X288_4,6438,FALSE,6438,EGAD50000001295,10X288_4_AB_1,,
Karolinska,Braun_et_al._2022_bioRxiv,10X288_5,6628,FALSE,6628,EGAD50000001295,10X288_5_AB_1,,
Karolinska,Braun_et_al._2022_bioRxiv,10X288_6,6866,FALSE,6866,EGAD50000001295,10X288_6_AB_1,,
Karolinska,Braun_et_al._2022_bioRxiv,10X288_7,6772,FALSE,6772,EGAD50000001295,10X288_7_AB_1,,
Karolinska,Braun_et_al._2022_bioRxiv,10X288_8,6566,FALSE,6566,EGAD50000001295,10X288_8_AB_1,,
Karolinska,Braun_et_al._2022_bioRxiv,10X298_1,9167,FALSE,9167,EGAD50000001295,10X298_1_AB_1,,
Karolinska,Braun_et_al._2022_bioRxiv,10X298_2,8745,FALSE,8745,EGAD50000001295,10X298_2_AB_1,,
Karolinska,Braun_et_al._2022_bioRxiv,10X298_3,5923,FALSE,5923,EGAD50000001295,10X298_3_AB_1,,
Karolinska,Braun_et_al._2022_bioRxiv,10X298_4,6781,FALSE,6781,EGAD50000001295,10X298_4_AB_1,,
Karolinska,Braun_et_al._2022_bioRxiv,10X298_5,3722,FALSE,3722,EGAD50000001295,10X298_5_AB_1,,
Karolinska,Braun_et_al._2022_bioRxiv,10X298_6,8672,FALSE,8672,EGAD50000001295,10X298_6_AB_1,,
Karolinska,Braun_et_al._2022_bioRxiv,10X298_7,8302,FALSE,8302,EGAD50000001295,10X298_7_AB_1,,
Karolinska,Braun_et_al._2022_bioRxiv,10X298_8,8355,FALSE,8355,EGAD50000001295,10X298_8_AB_1,,
Karolinska,Braun_et_al._2022_bioRxiv,10X302_1,2199,FALSE,2199,EGAD50000001295,10X302_1_AB_1,,
Karolinska,Braun_et_al._2022_bioRxiv,10X302_2,2345,FALSE,2345,EGAD50000001295,10X302_2_AB_1,,
Karolinska,Braun_et_al._2022_bioRxiv,10X302_3,2312,FALSE,2312,EGAD50000001295,10X302_3_AB_1,,
Karolinska,Braun_et_al._2022_bioRxiv,10X302_4,2485,FALSE,2485,EGAD50000001295,10X302_4_AB_1,,
Karolinska,Braun_et_al._2022_bioRxiv,10X302_5,2123,FALSE,2123,EGAD50000001295,10X302_5_AB_1,,
Karolinska,Braun_et_al._2022_bioRxiv,10X302_6,2324,FALSE,2324,EGAD50000001295,10X302_6_AB_1,,
Karolinska,Braun_et_al._2022_bioRxiv,10X302_7,1839,FALSE,1839,EGAD50000001295,10X302_7_AB_1,,
Karolinska,Braun_et_al._2022_bioRxiv,10X302_8,2018,FALSE,2018,EGAD50000001295,10X302_8_AB_1,,
Karolinska,Braun_et_al._2022_bioRxiv,10X89_1,9431,FALSE,9431,EGAD00001006049,10X89_1,,
Karolinska,Braun_et_al._2022_bioRxiv,10X89_2,9102,FALSE,9102,EGAD00001006049,10X89_2,,
Karolinska,Braun_et_al._2022_bioRxiv,10X89_3,2475,FALSE,2475,EGAD00001006049,10X89_3,,
Karolinska,Braun_et_al._2022_bioRxiv,10X89_4,3020,FALSE,3020,EGAD00001006049,10X89_4,,
Karolinska,Braun_et_al._2022_bioRxiv,10X89_5,5583,FALSE,5583,EGAD00001006049,10X89_5,,
Karolinska,Braun_et_al._2022_bioRxiv,10X89_6,5110,FALSE,5110,EGAD00001006049,10X89_6,,
Karolinska,Braun_et_al._2022_bioRxiv,10X89_7,6462,FALSE,6462,EGAD00001006049,10X89_7,,
Karolinska,Braun_et_al._2022_bioRxiv,10X89_8,6026,FALSE,6026,EGAD00001006049,10X89_8,,
Karolinska,Braun_et_al._2022_bioRxiv,10X92_1,7740,FALSE,7740,EGAD00001006049,10X92_1,,
Karolinska,Braun_et_al._2022_bioRxiv,10X92_2,7992,FALSE,7992,EGAD00001006049,10X92_2,,
Karolinska,Braun_et_al._2022_bioRxiv,10X92_3,6209,FALSE,6209,EGAD00001006049,10X92_3,,
Karolinska,Braun_et_al._2022_bioRxiv,10X92_4,6578,FALSE,6578,EGAD00001006049,10X92_4,,
Karolinska,Braun_et_al._2022_bioRxiv,10X99_5,7263,FALSE,7263,EGAD00001006049,10X99_5,,
Karolinska,Braun_et_al._2022_bioRxiv,10X99_6,6456,FALSE,6456,EGAD00001006049,10X99_6,,
Broad_Stem_Cell_Research_centre,Calvanese_et_al_2022_nature,AGM_555,1467,FALSE,1467,GSE162950,GSM4968832,,based on names of supp files
Broad_Stem_Cell_Research_centre,Calvanese_et_al_2022_nature,AGM_563,3228,FALSE,3228,GSE162950,GSM4968834,,based on names of supp files
Broad_Stem_Cell_Research_centre,Calvanese_et_al_2022_nature,AGM_575,4108,FALSE,4108,GSE162950,GSM4968833,,based on names of supp files
Broad_Stem_Cell_Research_centre,Calvanese_et_al_2022_nature,AGM_658,5276,FALSE,5276,GSE162950,GSM4968831,,based on names of supp files
Newcastle_University,Colin_et_al_2022_ScienceDirect,F1014615,1082,FALSE,1082,GSE155683,GSM4710450,,based on last 5 digits 
Newcastle_University,Colin_et_al_2022_ScienceDirect,F1214823,8117,FALSE,8117,GSE155683,GSM4710452,,based on last 5 digits 
Newcastle_University,Colin_et_al_2022_ScienceDirect,F1215192,8353,FALSE,8353,GSE155683,GSM4710453,,based on last 5 digits 
Newcastle_University,Colin_et_al_2022_ScienceDirect,F1215209,1339,FALSE,1339,GSE155683,GSM4710454,,based on last 5 digits 
Newcastle_University,Colin_et_al_2022_ScienceDirect,F1215210,2807,FALSE,2807,GSE155683,GSM4710455,,based on last 5 digits 
Newcastle_University,Colin_et_al_2022_ScienceDirect,F1315176,7289,FALSE,7289,GSE155683,GSM4710456,,based on last 5 digits 
Newcastle_University,Colin_et_al_2022_ScienceDirect,F1315205,2804,FALSE,2804,GSE155683,GSM4710457,,based on last 5 digits 
Newcastle_University,Colin_et_al_2022_ScienceDirect,F1415208,5303,FALSE,5303,GSE155683,GSM4710458,,based on last 5 digits 
Newcastle_University,Colin_et_al_2022_ScienceDirect,F1415357,5525,FALSE,5525,GSE155683,GSM4710459,,based on last 5 digits 
Newcastle_University,Colin_et_al_2022_ScienceDirect,F1615057,2744,FALSE,2744,GSE155683,GSM4710460,,based on last 5 digits 
Newcastle_University,Colin_et_al_2022_ScienceDirect,F1615232,9858,FALSE,9858,GSE155683,GSM4710461,,based on last 5 digits 
Newcastle_University,Colin_et_al_2022_ScienceDirect,F1714613,7175,FALSE,7175,GSE155683,GSM4710462,,based on last 5 digits 
Newcastle_University,Colin_et_al_2022_ScienceDirect,F1814954,2272,FALSE,2272,GSE155683,GSM4710463,,based on last 5 digits 
Newcastle_University,Colin_et_al_2022_ScienceDirect,F2014556,3488,FALSE,3488,GSE155683,GSM4710464,,based on last 5 digits 
Newcastle_University,Colin_et_al_2022_ScienceDirect,F2015183,11162,FALSE,11162,GSE155683,GSM4710465,,based on last 5 digits 
Newcastle_University,Colin_et_al_2022_ScienceDirect,F2115184,7553,FALSE,7553,GSE155683,GSM4710466,,based on last 5 digits 
Children's Hospital Affiliated to Fudan University,Dong_et_al_2022_CancerCell,F106,21588,FALSE,21588,GSE137804,GSM4088787,,based on sample names in GEO
Children's Hospital Affiliated to Fudan University,Dong_et_al_2022_CancerCell,F107,18940,FALSE,18940,GSE137804,GSM4088788,,based on sample names in GEO
Children's Hospital Affiliated to Fudan University,Dong_et_al_2022_CancerCell,F2SHENGSHANXIAN,6371,FALSE,6371,GSE137804,GSM4088785,,based on sample names in GEO
Children's Hospital Affiliated to Fudan University,Dong_et_al_2022_CancerCell,F7,1848,FALSE,1848,GSE137804,GSM4088786,,based on sample names in GEO
Wellcome_Sanger,Garcia_Alonso_et_al_2022_nature,FCA_GND10375779,3298,TRUE,3298,Sanger,FCA_GND10375779,,
Wellcome_Sanger,Garcia_Alonso_et_al_2022_nature,FCA_GND10375780,3964,TRUE,3964,Sanger,FCA_GND10375780,,
Wellcome_Sanger,Garcia_Alonso_et_al_2022_nature,FCA_GND8047884,4,TRUE,4,Sanger,FCA_GND8047884,,
Wellcome_Sanger,Garcia_Alonso_et_al_2022_nature,FCA_GND8047885,8612,TRUE,8612,Sanger,FCA_GND8047885,,
Wellcome_Sanger,Garcia_Alonso_et_al_2022_nature,FCA_GND8103049,3160,TRUE,3160,Sanger,FCA_GND8103049,,
Wellcome_Sanger,Garcia_Alonso_et_al_2022_nature,FCA_GND8103050,8211,TRUE,8211,Sanger,FCA_GND8103050,,
Wellcome_Sanger,Garcia_Alonso_et_al_2022_nature,FCA_GND8103052,280,TRUE,280,Sanger,FCA_GND8103052,,
Wellcome_Sanger,Garcia_Alonso_et_al_2022_nature,FCA_GND8103053,2229,TRUE,2229,Sanger,FCA_GND8103053,,
Wellcome_Sanger,Garcia_Alonso_et_al_2022_nature,FCA_GND8125922,413,TRUE,413,Sanger,FCA_GND8125922,,
Wellcome_Sanger,Garcia_Alonso_et_al_2022_nature,FCA_GND8125923,2027,TRUE,2027,Sanger,FCA_GND8125923,,
Wellcome_Sanger,Garcia_Alonso_et_al_2022_nature,FCA_GND8125924,289,TRUE,289,Sanger,FCA_GND8125924,,
Wellcome_Sanger,Garcia_Alonso_et_al_2022_nature,FCA_GND8125925,1222,TRUE,1222,Sanger,FCA_GND8125925,,
Wellcome_Sanger,Garcia_Alonso_et_al_2022_nature,FCA_GND8289579,4105,TRUE,4105,Sanger,FCA_GND8289579,,
Wellcome_Sanger,Garcia_Alonso_et_al_2022_nature,FCA_GND8289580,7392,TRUE,7392,Sanger,FCA_GND8289580,,
Wellcome_Sanger,Garcia_Alonso_et_al_2022_nature,FCA_GND8622625,465,TRUE,465,Sanger,FCA_GND8622625,,
Wellcome_Sanger,Garcia_Alonso_et_al_2022_nature,FCA_GND8622626,447,TRUE,447,Sanger,FCA_GND8622626,,
Wellcome_Sanger,Garcia_Alonso_et_al_2022_nature,FCA_GND8622627,356,TRUE,356,Sanger,FCA_GND8622627,,
Wellcome_Sanger,Garcia_Alonso_et_al_2022_nature,FCA_GND8622628,2926,TRUE,2926,Sanger,FCA_GND8622628,,
Wellcome_Sanger,Garcia_Alonso_et_al_2022_nature,FCA_GND8622629,1845,TRUE,1845,Sanger,FCA_GND8622629,,
Wellcome_Sanger,Garcia_Alonso_et_al_2022_nature,FCA_GND8622630,27,TRUE,27,Sanger,FCA_GND8622630,,
Wellcome_Sanger,Garcia_Alonso_et_al_2022_nature,FCA_GND8622631,1424,TRUE,1424,Sanger,FCA_GND8622631,,
Wellcome_Sanger,Garcia_Alonso_et_al_2022_nature,FCA_GND8715407,2163,TRUE,2163,Sanger,FCA_GND8715407,,
Wellcome_Sanger,Garcia_Alonso_et_al_2022_nature,FCA_GND8715408,835,TRUE,835,Sanger,FCA_GND8715408,,
Wellcome_Sanger,Garcia_Alonso_et_al_2022_nature,FCA_GND8715519,2293,TRUE,2293,Sanger,FCA_GND8715519,,
Wellcome_Sanger,Garcia_Alonso_et_al_2022_nature,FCA_GND8784458,1761,TRUE,1761,Sanger,FCA_GND8784458,,
Wellcome_Sanger,Garcia_Alonso_et_al_2022_nature,FCA_GND8784459,198,TRUE,198,Sanger,FCA_GND8784459,,
Wellcome_Sanger,Garcia_Alonso_et_al_2022_nature,FCA_GND8784460,4624,TRUE,4624,Sanger,FCA_GND8784460,,
Wellcome_Sanger,Garcia_Alonso_et_al_2022_nature,FCA_GND8810844,733,TRUE,733,Sanger,FCA_GND8810844,,
Wellcome_Sanger,Garcia_Alonso_et_al_2022_nature,FCA_GND8810845,608,TRUE,608,Sanger,FCA_GND8810845,,
Wellcome_Sanger,Garcia_Alonso_et_al_2022_nature,FCA_GND8810846,199,TRUE,199,Sanger,FCA_GND8810846,,
Wellcome_Sanger,Garcia_Alonso_et_al_2022_nature,FCA_GND8810848,1213,TRUE,1213,Sanger,FCA_GND8810848,,
Wellcome_Sanger,Garcia_Alonso_et_al_2022_nature,FCA_GND8810850,88,TRUE,88,Sanger,FCA_GND8810850,,
Wellcome_Sanger,Garcia_Alonso_et_al_2022_nature,FCA_GND8810851,1580,TRUE,1580,Sanger,FCA_GND8810851,,
Wellcome_Sanger,Garcia_Alonso_et_al_2022_nature,FCA_GND8810852,1786,TRUE,1786,Sanger,FCA_GND8810852,,
Wellcome_Sanger,Garcia_Alonso_et_al_2022_nature,FCA_GND9295208,787,TRUE,787,Sanger,FCA_GND9295208,,
Wellcome_Sanger,Garcia_Alonso_et_al_2022_nature,FCA_GND9295209,794,TRUE,794,Sanger,FCA_GND9295209,,
Wellcome_Sanger,Garcia_Alonso_et_al_2022_nature,FCA_GND9295210,3273,TRUE,3273,Sanger,FCA_GND9295210,,
Wellcome_Sanger,Garcia_Alonso_et_al_2022_nature,FCA_GND9295212,5162,TRUE,5162,Sanger,FCA_GND9295212,,
Wellcome_Sanger,Garcia_Alonso_et_al_2022_nature,FCA_GND9331965,8314,TRUE,8314,Sanger,FCA_GND9331965,,
Wellcome_Sanger,Garcia_Alonso_et_al_2022_nature,FCA_GND9331966,7347,TRUE,7347,Sanger,FCA_GND9331966,,
Wellcome_Sanger,Garcia_Alonso_et_al_2022_nature,FCA_GND9331967,5323,TRUE,5323,Sanger,FCA_GND9331967,,
Wellcome_Sanger,Garcia_Alonso_et_al_2022_nature,FCA_GND9331968,4958,TRUE,4958,Sanger,FCA_GND9331968,,
Wellcome_Sanger,Garcia_Alonso_et_al_2022_nature,FCA_GND9331969,320,TRUE,320,Sanger,FCA_GND9331969,,
Wellcome_Sanger,Garcia_Alonso_et_al_2022_nature,FCA_GND9331970,6376,TRUE,6376,Sanger,FCA_GND9331970,,
Wellcome_Sanger,Garcia_Alonso_et_al_2022_nature,FCA_GND9332061,4701,TRUE,4701,Sanger,FCA_GND9332061,,
Wellcome_Sanger,Garcia_Alonso_et_al_2022_nature,FCA_GND9332062,15178,TRUE,15178,Sanger,FCA_GND9332062,,
Wellcome_Sanger,Garcia_Alonso_et_al_2022_nature,FCA_GND9332064,147,TRUE,147,Sanger,FCA_GND9332064,,
Wellcome_Sanger,Garcia_Alonso_et_al_2022_nature,FCA_GND9332065,164,TRUE,164,Sanger,FCA_GND9332065,,
Wellcome_Sanger,Garcia_Alonso_et_al_2022_nature,HCA_F_GON10828898,4042,TRUE,4042,Sanger,HCA_F_GON10828898,,
Wellcome_Sanger,Garcia_Alonso_et_al_2022_nature,HCA_F_GON10828899,2103,TRUE,2103,Sanger,HCA_F_GON10828899,,
Wellcome_Sanger,Garcia_Alonso_et_al_2022_nature,HCA_F_GON10828900,685,TRUE,685,Sanger,HCA_F_GON10828900,,
Wellcome_Sanger,Garcia_Alonso_et_al_2022_nature,HCA_F_GON10828901,2736,TRUE,2736,Sanger,HCA_F_GON10828901,,
Wellcome_Sanger,Garcia_Alonso_et_al_2022_nature,HCA_F_GON10828902,2546,TRUE,2546,Sanger,HCA_F_GON10828902,,
Wellcome_Sanger,Garcia_Alonso_et_al_2022_nature,HCA_F_GON10941968,3184,TRUE,3184,Sanger,HCA_F_GON10941968,,
Wellcome_Sanger,Garcia_Alonso_et_al_2022_nature,HCA_F_GON10941969,3074,TRUE,3074,Sanger,HCA_F_GON10941969,,
Wellcome_Sanger,Garcia_Alonso_et_al_2022_nature,HD_F_GON9460406,6206,TRUE,6206,Sanger,HD_F_GON9460406,,
Wellcome_Sanger,Garcia_Alonso_et_al_2022_nature,HD_F_GON9460407,5668,TRUE,5668,Sanger,HD_F_GON9460407,,
Wellcome_Sanger,Garcia_Alonso_et_al_2022_nature,HD_F_GON9460408,3039,TRUE,3039,Sanger,HD_F_GON9460408,,
Wellcome_Sanger,Garcia_Alonso_et_al_2022_nature,HD_F_GON9479968,981,TRUE,981,Sanger,HD_F_GON9479968,,
Wellcome_Sanger,Garcia_Alonso_et_al_2022_nature,HD_F_GON9479969,2223,TRUE,2223,Sanger,HD_F_GON9479969,,
Wellcome_Sanger,Garcia_Alonso_et_al_2022_nature,HD_F_GON9479970,3580,TRUE,3580,Sanger,HD_F_GON9479970,,
Wellcome_Sanger,Garcia_Alonso_et_al_2022_nature,HD_F_GON9480063,2595,TRUE,2595,Sanger,HD_F_GON9480063,,
Wellcome_Sanger,Garcia_Alonso_et_al_2022_nature,HD_F_GON9480064,2542,TRUE,2542,Sanger,HD_F_GON9480064,,
Wellcome_Sanger,Garcia_Alonso_et_al_2022_nature,HD_F_GON9480066,54,TRUE,54,Sanger,HD_F_GON9480066,,
Wellcome_Sanger,Garcia_Alonso_et_al_2022_nature,HD_F_GON9525515,3896,TRUE,3896,Sanger,HD_F_GON9525515,,
Wellcome_Sanger,Garcia_Alonso_et_al_2022_nature,HD_F_GON9525516,3056,TRUE,3056,Sanger,HD_F_GON9525516,,
Wellcome_Sanger,Garcia_Alonso_et_al_2022_nature,HD_F_GON9699332,1101,TRUE,1101,Sanger,HD_F_GON9699332,,
Wellcome_Sanger,Garcia_Alonso_et_al_2022_nature,HD_F_GON9699334,829,TRUE,829,Sanger,HD_F_GON9699334,,
Wellcome_Sanger,Garcia_Alonso_et_al_2022_nature,HD_F_GON9699336,887,TRUE,887,Sanger,HD_F_GON9699336,,
Wellcome_Sanger,Garcia_Alonso_et_al_2022_nature,HD_F_GON9699337,569,TRUE,569,Sanger,HD_F_GON9699337,,
Wellcome_Sanger,Garcia_Alonso_et_al_2022_nature,HD_F_GON9699338,2806,TRUE,2806,Sanger,HD_F_GON9699338,,
Wellcome_Sanger,Garcia_Alonso_et_al_2022_nature,HD_F_GON9699427,3281,TRUE,3281,Sanger,HD_F_GON9699427,,
Wellcome_Sanger,Garcia_Alonso_et_al_2022_nature,HD_F_GON9699428,537,TRUE,537,Sanger,HD_F_GON9699428,,
Wellcome_Sanger,Garcia_Alonso_et_al_2022_nature,HD_F_GON9699429,39,TRUE,39,Sanger,HD_F_GON9699429,,
Wellcome_Sanger,Garcia_Alonso_et_al_2022_nature,HD_F_GON9855673,3389,TRUE,3389,Sanger,HD_F_GON9855673,,
Wellcome_Sanger,Garcia_Alonso_et_al_2022_nature,HD_F_GON9855674,2757,TRUE,2757,Sanger,HD_F_GON9855674,,
Wellcome_Sanger,Garcia_Alonso_et_al_2022_nature,HD_F_GON9883859,1428,TRUE,1428,Sanger,HD_F_GON9883859,,
Wellcome_Sanger,Garcia_Alonso_et_al_2022_nature,HD_F_GON9883862,5990,TRUE,5990,Sanger,HD_F_GON9883862,,
Wellcome_Sanger,Garcia_Alonso_et_al_2022_nature,HD_F_GON9883863,6232,TRUE,6232,Sanger,HD_F_GON9883863,,
Wellcome_Sanger,Garcia_Alonso_et_al_2022_nature,HD_F_GON9883865,996,TRUE,996,Sanger,HD_F_GON9883865,,
Wellcome_Sanger,Garcia_Alonso_et_al_2022_nature,HD_F_GON9883866,570,TRUE,570,Sanger,HD_F_GON9883866,,
Wellcome_Sanger,Garcia_Alonso_et_al_2022_nature,HD_F_GON9883867,542,TRUE,542,Sanger,HD_F_GON9883867,,
Wellcome_Sanger,Garcia_Alonso_et_al_2022_nature,HD_F_GON9883868,2006,TRUE,2006,Sanger,HD_F_GON9883868,,
Wellcome_Sanger,He_et_al_2022_Cell,5891STDY8062349,1412,TRUE,1412,Sanger,5891STDY8062349,,
Wellcome_Sanger,He_et_al_2022_Cell,5891STDY8062350,717,TRUE,717,Sanger,5891STDY8062350,,
Wellcome_Sanger,He_et_al_2022_Cell,5891STDY8062351,1418,TRUE,1418,Sanger,5891STDY8062351,,
Wellcome_Sanger,He_et_al_2022_Cell,5891STDY8062352,850,TRUE,850,Sanger,5891STDY8062352,,
Wellcome_Sanger,He_et_al_2022_Cell,5891STDY8062353,1591,TRUE,1591,Sanger,5891STDY8062353,,
Wellcome_Sanger,He_et_al_2022_Cell,5891STDY8062354,2974,TRUE,2974,Sanger,5891STDY8062354,,
Wellcome_Sanger,He_et_al_2022_Cell,5891STDY8062355,1668,TRUE,1668,Sanger,5891STDY8062355,,
Wellcome_Sanger,He_et_al_2022_Cell,5891STDY8062356,997,TRUE,997,Sanger,5891STDY8062356,,
Wellcome_Sanger,He_et_al_2022_Cell,5891STDY9030806,2521,TRUE,2521,Sanger,5891STDY9030806,,
Wellcome_Sanger,He_et_al_2022_Cell,5891STDY9030807,3044,TRUE,3044,Sanger,5891STDY9030807,,
Wellcome_Sanger,He_et_al_2022_Cell,5891STDY9030808,3014,TRUE,3014,Sanger,5891STDY9030808,,
Wellcome_Sanger,He_et_al_2022_Cell,5891STDY9030809,3087,TRUE,3087,Sanger,5891STDY9030809,,
Wellcome_Sanger,He_et_al_2022_Cell,5891STDY9030810,6138,TRUE,6138,Sanger,5891STDY9030810,,
Wellcome_Sanger,He_et_al_2022_Cell,WSSS_F_LNG8713176,2388,TRUE,2388,Sanger,WSSS_F_LNG8713176,,
Wellcome_Sanger,He_et_al_2022_Cell,WSSS_F_LNG8713177,2401,TRUE,2401,Sanger,WSSS_F_LNG8713177,,
Wellcome_Sanger,He_et_al_2022_Cell,WSSS_F_LNG8713178,2182,TRUE,2182,Sanger,WSSS_F_LNG8713178,,
Wellcome_Sanger,He_et_al_2022_Cell,WSSS_F_LNG8713179,3001,TRUE,3001,Sanger,WSSS_F_LNG8713179,,
Wellcome_Sanger,He_et_al_2022_Cell,WSSS_F_LNG8713180,2916,TRUE,2916,Sanger,WSSS_F_LNG8713180,,
Wellcome_Sanger,He_et_al_2022_Cell,WSSS_F_LNG8713181,1763,TRUE,1763,Sanger,WSSS_F_LNG8713181,,
Wellcome_Sanger,He_et_al_2022_Cell,WSSS_F_LNG8713184,2497,TRUE,2497,Sanger,WSSS_F_LNG8713184,,
Wellcome_Sanger,He_et_al_2022_Cell,WSSS_F_LNG8713185,2390,TRUE,2390,Sanger,WSSS_F_LNG8713185,,
Wellcome_Sanger,He_et_al_2022_Cell,WSSS_F_LNG8713186,3780,TRUE,3780,Sanger,WSSS_F_LNG8713186,,
Wellcome_Sanger,He_et_al_2022_Cell,WSSS_F_LNG8713187,4303,TRUE,4303,Sanger,WSSS_F_LNG8713187,,
Wellcome_Sanger,He_et_al_2022_Cell,WSSS_F_LNG8713188,1768,TRUE,1768,Sanger,WSSS_F_LNG8713188,,
Wellcome_Sanger,He_et_al_2022_Cell,WSSS_F_LNG8713189,817,TRUE,817,Sanger,WSSS_F_LNG8713189,,
Wellcome_Sanger,He_et_al_2022_Cell,WSSS_F_LNG8713190,1185,TRUE,1185,Sanger,WSSS_F_LNG8713190,,
Wellcome_Sanger,He_et_al_2022_Cell,WSSS_F_LNG8713191,1737,TRUE,1737,Sanger,WSSS_F_LNG8713191,,
Wellcome_Sanger,He_et_al_2022_Cell,WSSS8011222,4203,TRUE,4203,Sanger,WSSS8011222,,
Wellcome_Sanger,He_et_al_2022_Cell,WSSS8012016,4776,TRUE,4776,Sanger,WSSS8012016,,
Wellcome_Sanger,Kanemaru_et_al_2024_bioRxiv,BHF_F_Hea10402917,1857,TRUE,1857,Sanger,BHF_F_Hea10402917,,
Wellcome_Sanger,Kanemaru_et_al_2024_bioRxiv,BHF_F_Hea10402918,4320,TRUE,4320,Sanger,BHF_F_Hea10402918,,
Wellcome_Sanger,Kanemaru_et_al_2024_bioRxiv,BHF_F_Hea11064670,583,TRUE,583,Sanger,BHF_F_Hea11064670,,
Wellcome_Sanger,Kanemaru_et_al_2024_bioRxiv,BHF_F_Hea11064671,2679,TRUE,2679,Sanger,BHF_F_Hea11064671,,
Wellcome_Sanger,Kanemaru_et_al_2024_bioRxiv,BHF_F_Hea11064672,4363,TRUE,4363,Sanger,BHF_F_Hea11064672,,
Wellcome_Sanger,Kanemaru_et_al_2024_bioRxiv,BHF_F_Hea11192323,2355,TRUE,2355,Sanger,BHF_F_Hea11192323,,
Wellcome_Sanger,Kanemaru_et_al_2024_bioRxiv,BHF_F_Hea11192324,10483,TRUE,10483,Sanger,BHF_F_Hea11192324,,
Wellcome_Sanger,Kanemaru_et_al_2024_bioRxiv,BHF_F_Hea11192325,126,TRUE,126,Sanger,BHF_F_Hea11192325,,
Wellcome_Sanger,Kanemaru_et_al_2024_bioRxiv,BHF_F_Hea11192326,9692,TRUE,9692,Sanger,BHF_F_Hea11192326,,
Wellcome_Sanger,Kanemaru_et_al_2024_bioRxiv,BHF_F_Hea11192327,5760,TRUE,5760,Sanger,BHF_F_Hea11192327,,
Wellcome_Sanger,Kanemaru_et_al_2024_bioRxiv,BHF_F_Hea11192328,12040,TRUE,12040,Sanger,BHF_F_Hea11192328,,
Wellcome_Sanger,Kanemaru_et_al_2024_bioRxiv,BHF_F_Hea11933664,10832,TRUE,10832,Sanger,BHF_F_Hea11933664,,
Wellcome_Sanger,Kanemaru_et_al_2024_bioRxiv,BHF_F_Hea11933665,11337,TRUE,11337,Sanger,BHF_F_Hea11933665,,
Wellcome_Sanger,Kanemaru_et_al_2024_bioRxiv,BHF_F_Hea11933666,10303,TRUE,10303,Sanger,BHF_F_Hea11933666,,
Wellcome_Sanger,Kanemaru_et_al_2024_bioRxiv,BHF_F_Hea11933667,10218,TRUE,10218,Sanger,BHF_F_Hea11933667,,
Wellcome_Sanger,Kanemaru_et_al_2024_bioRxiv,BHF_F_Hea11933668,9365,TRUE,9365,Sanger,BHF_F_Hea11933668,,
Wellcome_Sanger,Kanemaru_et_al_2024_bioRxiv,BHF_F_Hea11933669,9425,TRUE,9425,Sanger,BHF_F_Hea11933669,,
Wellcome_Sanger,Kanemaru_et_al_2024_bioRxiv,BHF_F_Hea11933670,3229,TRUE,3229,Sanger,BHF_F_Hea11933670,,
Wellcome_Sanger,Kanemaru_et_al_2024_bioRxiv,BHF_F_Hea11933671,3622,TRUE,3622,Sanger,BHF_F_Hea11933671,,
Wellcome_Sanger,Kanemaru_et_al_2024_bioRxiv,BHF_F_Hea11933672,3641,TRUE,3641,Sanger,BHF_F_Hea11933672,,
Wellcome_Sanger,Kanemaru_et_al_2024_bioRxiv,BHF_F_Hea11933673,3913,TRUE,3913,Sanger,BHF_F_Hea11933673,,
Wellcome_Sanger,Kanemaru_et_al_2024_bioRxiv,BHF_F_Hea11933674,2678,TRUE,2678,Sanger,BHF_F_Hea11933674,,
Wellcome_Sanger,Kanemaru_et_al_2024_bioRxiv,BHF_F_Hea11933675,245,TRUE,245,Sanger,BHF_F_Hea11933675,,
Wellcome_Sanger,Lawrence_et_al_2024_nature_comm.,SB_200532_10032964,6361,TRUE,6361,Sanger,SB_200532_10032964,,
Wellcome_Sanger,Lawrence_et_al_2024_nature_comm.,SB_200532_10032965,5700,TRUE,5700,Sanger,SB_200532_10032965,,
Wellcome_Sanger,Lawrence_et_al_2024_nature_comm.,SB_200532_10032966,6839,TRUE,6839,Sanger,SB_200532_10032966,,
Wellcome_Sanger,Lawrence_et_al_2024_nature_comm.,SB_200532_10032967,6861,TRUE,6861,Sanger,SB_200532_10032967,,
Wellcome_Sanger,Lawrence_et_al_2024_nature_comm.,SB_200532_10032968,4570,TRUE,4570,Sanger,SB_200532_10032968,,
Wellcome_Sanger,Lawrence_et_al_2024_nature_comm.,SB_200532_10032969,6370,TRUE,6370,Sanger,SB_200532_10032969,,
Wellcome_Sanger,Lawrence_et_al_2024_nature_comm.,SB_200532_10297922,4936,TRUE,4936,Sanger,SB_200532_10297922,,
Wellcome_Sanger,Lawrence_et_al_2024_nature_comm.,SB_200532_10297923,4275,TRUE,4275,Sanger,SB_200532_10297923,,
Wellcome_Sanger,Lawrence_et_al_2024_nature_comm.,SB_200532_10297924,5642,TRUE,5642,Sanger,SB_200532_10297924,,
Wellcome_Sanger,Lawrence_et_al_2024_nature_comm.,SB_200532_10297925,4363,TRUE,4363,Sanger,SB_200532_10297925,,
Wellcome_Sanger,Lawrence_et_al_2024_nature_comm.,SB_200532_10297926,4777,TRUE,4777,Sanger,SB_200532_10297926,,
Wellcome_Sanger,Lawrence_et_al_2024_nature_comm.,SB_200532_10297927,2148,TRUE,2148,Sanger,SB_200532_10297927,,
Wellcome_Sanger,Lawrence_et_al_2024_nature_comm.,SB_200532_10297928,3349,TRUE,3349,Sanger,SB_200532_10297928,,
Wellcome_Sanger,Lawrence_et_al_2024_nature_comm.,SB_200532_10297929,1459,TRUE,1459,Sanger,SB_200532_10297929,,
Wellcome_Sanger,Lawrence_et_al_2024_nature_comm.,SB_200532_10297930,4734,TRUE,4734,Sanger,SB_200532_10297930,,
Wellcome_Sanger,Lawrence_et_al_2024_nature_comm.,SB_200532_10297931,4936,TRUE,4936,Sanger,SB_200532_10297931,,
Wellcome_Sanger,Lawrence_et_al_2024_nature_comm.,SB_200532_10297932,1021,TRUE,1021,Sanger,SB_200532_10297932,,
Wellcome_Sanger,Lawrence_et_al_2024_nature_comm.,SB_200532_10297933,2939,TRUE,2939,Sanger,SB_200532_10297933,,
Wellcome_Sanger,Lawrence_et_al_2024_nature_comm.,SB_200532_10621989,1291,TRUE,1291,Sanger,SB_200532_10621989,,
Wellcome_Sanger,Lawrence_et_al_2024_nature_comm.,SB_200532_10621990,1955,TRUE,1955,Sanger,SB_200532_10621990,,
Wellcome_Sanger,Lawrence_et_al_2024_nature_comm.,SB_200532_10621991,4205,TRUE,4205,Sanger,SB_200532_10621991,,
Wellcome_Sanger,Lawrence_et_al_2024_nature_comm.,SB_200532_10621992,567,TRUE,567,Sanger,SB_200532_10621992,,
Wellcome_Sanger,Lawrence_et_al_2024_nature_comm.,SB_200532_10841316,246,TRUE,246,Sanger,SB_200532_10841316,,
Wellcome_Sanger,Lawrence_et_al_2024_nature_comm.,SB_200532_10841317,1653,TRUE,1653,Sanger,SB_200532_10841317,,
Wellcome_Sanger,Lawrence_et_al_2024_nature_comm.,SB_200532_10841318,958,TRUE,958,Sanger,SB_200532_10841318,,
Wellcome_Sanger,Lawrence_et_al_2024_nature_comm.,SB_200532_10841319,212,TRUE,212,Sanger,SB_200532_10841319,,
Wellcome_Sanger,Lawrence_et_al_2024_nature_comm.,SB_200532_10841320,387,TRUE,387,Sanger,SB_200532_10841320,,
Wellcome_Sanger,Lawrence_et_al_2024_nature_comm.,SB_200532_10841321,3692,TRUE,3692,Sanger,SB_200532_10841321,,
Wellcome_Sanger,Lawrence_et_al_2024_nature_comm.,SB_200532_10841322,3080,TRUE,3080,Sanger,SB_200532_10841322,,
Wellcome_Sanger,Lawrence_et_al_2024_nature_comm.,SB_200532_10841323,3896,TRUE,3896,Sanger,SB_200532_10841323,,
Wellcome_Sanger,Lawrence_et_al_2024_nature_comm.,SB_200532_10863985,640,TRUE,640,Sanger,SB_200532_10863985,,
Wellcome_Sanger,Lawrence_et_al_2024_nature_comm.,SB_200532_10863986,845,TRUE,845,Sanger,SB_200532_10863986,,
Wellcome_Sanger,Lawrence_et_al_2024_nature_comm.,SB_200532_10863987,1137,TRUE,1137,Sanger,SB_200532_10863987,,
Wellcome_Sanger,Lawrence_et_al_2024_nature_comm.,SB_200532_10863988,1455,TRUE,1455,Sanger,SB_200532_10863988,,
Wellcome_Sanger,Lawrence_et_al_2024_nature_comm.,SB_200532_10863989,828,TRUE,828,Sanger,SB_200532_10863989,,
Wellcome_Sanger,Lawrence_et_al_2024_nature_comm.,SB_200532_10863990,900,TRUE,900,Sanger,SB_200532_10863990,,
Wellcome_Sanger,Lawrence_et_al_2024_nature_comm.,SB_200532_10863991,1061,TRUE,1061,Sanger,SB_200532_10863991,,
Wellcome_Sanger,Lawrence_et_al_2024_nature_comm.,SB_200532_10863992,924,TRUE,924,Sanger,SB_200532_10863992,,
Wellcome_Sanger,Lawrence_et_al_2024_nature_comm.,SB_200532_10863993,2350,TRUE,1175,Sanger,SB_200532_10863993,,
Wellcome_Sanger,Lawrence_et_al_2024_nature_comm.,SB_200532_10863995,1062,TRUE,1062,Sanger,SB_200532_10863995,,
Wellcome_Sanger,Lawrence_et_al_2024_nature_comm.,SB_200532_10863996,1759,TRUE,1759,Sanger,SB_200532_10863996,,
Wellcome_Sanger,Lawrence_et_al_2024_nature_comm.,SB_200532_11254458,5102,TRUE,5102,Sanger,SB_200532_11254458,,
Wellcome_Sanger,Lawrence_et_al_2024_nature_comm.,SB_200532_11254459,3168,TRUE,3168,Sanger,SB_200532_11254459,,
Wellcome_Sanger,Lawrence_et_al_2024_nature_comm.,SB_200532_11254460,2188,TRUE,2188,Sanger,SB_200532_11254460,,
Wellcome_Sanger,Lawrence_et_al_2024_nature_comm.,SB_200532_11254461,2217,TRUE,2217,Sanger,SB_200532_11254461,,
Wellcome_Sanger,Lawrence_et_al_2024_nature_comm.,SB_200532_11254462,1147,TRUE,1147,Sanger,SB_200532_11254462,,
Wellcome_Sanger,Lawrence_et_al_2024_nature_comm.,SB_200532_11254463,4821,TRUE,4821,Sanger,SB_200532_11254463,,
Wellcome_Sanger,Lawrence_et_al_2024_nature_comm.,SB_200532_11254464,3231,TRUE,3231,Sanger,SB_200532_11254464,,
Wellcome_Sanger,Lawrence_et_al_2024_nature_comm.,SB_200532_11254465,5597,TRUE,5597,Sanger,SB_200532_11254465,,
Wellcome_Sanger,Lawrence_et_al_2024_nature_comm.,SB_200532_11254466,11105,TRUE,11105,Sanger,SB_200532_11254466,,
Wellcome_Sanger,Lawrence_et_al_2024_nature_comm.,SB_200532_11254467,6715,TRUE,6715,Sanger,SB_200532_11254467,,
University_of_Michigan,Miller_et_al_2020_Developmental_Cell,HT-182_D125_Lung-airway-trachea,1139,FALSE,1139,E-MTAB-8221,ERS4467520,,HT-182-d125-lung-Prox
University_of_Michigan,Miller_et_al_2020_Developmental_Cell,HT-182_D125_Lung-Distal,1866,FALSE,1866,E-MTAB-8221,ERS4467522,,HT-182-d125-lung-Distal
University_of_Michigan,Miller_et_al_2020_Developmental_Cell,HT-187_D103_Lung-airway,306,FALSE,306,E-MTAB-8221,ERS4467519,,HT-187-Small-airway
University_of_Michigan,Miller_et_al_2020_Developmental_Cell,HT-187_D103_Lung-Distal,683,FALSE,683,E-MTAB-8221,ERS4467521,,HT-187-Distal-lung
University_of_Michigan,Miller_et_al_2020_Developmental_Cell,HT-187_D103_Lung-tracheal-epi,1935,FALSE,1935,E-MTAB-8221,ERS4467523,,HT-187-Tracheal-epi
University_of_Michigan,Miller_et_al_2020_Developmental_Cell,HT-189_D145_Lung-tracheal-epi,769,FALSE,769,E-MTAB-8221,ERS4467524,,HT-189-Tracheal-Epi
University_of_Michigan,Miller_et_al_2020_Developmental_Cell,HT-234_D80_Lung-airway,381,FALSE,381,E-MTAB-8221,ERS4467514,,HT234-Airway
University_of_Michigan,Miller_et_al_2020_Developmental_Cell,HT-234_D80_Lung-Distal,326,FALSE,326,E-MTAB-8221,ERS4467515,,HT234-DistalLung
University_of_Washington,Sridhar_et_al_2020_CellPress,GSM4231316,3300,FALSE,3300,GSE142526,GSM4231316,,
University_of_Washington,Sridhar_et_al_2020_CellPress,GSM4231320,5070,FALSE,5070,GSE142526,GSM4231320,,
University_of_Washington,Sridhar_et_al_2020_CellPress,GSM4231321,1180,FALSE,1180,GSE142526,GSM4231321,,
University_of_Washington,Sridhar_et_al_2020_CellPress,GSM4231323,6052,FALSE,6052,GSE142526,GSM4231323,,
University_of_Washington,Sridhar_et_al_2020_CellPress,GSM4231324,21111,FALSE,21111,GSE142526,GSM4231324,,
Wellcome_Sanger,Suo_et_al_2022_Science_Elmentaite2020,FCA_gut8015057,760,TRUE,760,Sanger,FCA_gut8015057,,
Wellcome_Sanger,Suo_et_al_2022_Science_Elmentaite2020,FCA_gut8015058,1827,TRUE,1827,Sanger,FCA_gut8015058,,
Wellcome_Sanger,Suo_et_al_2022_Science_Elmentaite2020,FCA_gut8015059,1524,TRUE,1524,Sanger,FCA_gut8015059,,
Wellcome_Sanger,Suo_et_al_2022_Science_Elmentaite2020,FCA_gut8015060,1893,TRUE,1893,Sanger,FCA_gut8015060,,
Wellcome_Sanger,Suo_et_al_2022_Science_Elmentaite2020,FCA_gut8015061,3157,TRUE,3157,Sanger,FCA_gut8015061,,
Wellcome_Sanger,Suo_et_al_2022_Science_Elmentaite2020,Human_colon_16S7985389,4256,TRUE,4256,Sanger,Human_colon_16S7985389,,
Wellcome_Sanger,Suo_et_al_2022_Science_Elmentaite2020,Human_colon_16S7985390,2860,TRUE,2860,Sanger,Human_colon_16S7985390,,
Wellcome_Sanger,Suo_et_al_2022_Science_Elmentaite2020,Human_colon_16S7985391,3883,TRUE,3883,Sanger,Human_colon_16S7985391,,
Wellcome_Sanger,Suo_et_al_2022_Science_Elmentaite2020,Human_colon_16S7985392,3877,TRUE,3877,Sanger,Human_colon_16S7985392,,
Wellcome_Sanger,Suo_et_al_2022_Science_Elmentaite2020,Human_colon_16S7985393,3999,TRUE,3999,Sanger,Human_colon_16S7985393,,
Wellcome_Sanger,Suo_et_al_2022_Science_Elmentaite2020,Human_colon_16S7985394,3832,TRUE,3832,Sanger,Human_colon_16S7985394,,
Wellcome_Sanger,Suo_et_al_2022_Science_Elmentaite2020,Human_colon_16S7985395,1839,TRUE,1839,Sanger,Human_colon_16S7985395,,
Wellcome_Sanger,Suo_et_al_2022_Science_Elmentaite2020,Human_colon_16S8159182,7986,TRUE,7986,Sanger,Human_colon_16S8159182,,
Wellcome_Sanger,Suo_et_al_2022_Science_Elmentaite2020,Human_colon_16S8159183,5281,TRUE,5281,Sanger,Human_colon_16S8159183,,
Wellcome_Sanger,Suo_et_al_2022_Science_Elmentaite2020,Human_colon_16S8159184,6706,TRUE,6706,Sanger,Human_colon_16S8159184,,
Wellcome_Sanger,Suo_et_al_2022_Science_Elmentaite2020,Human_colon_16S8159185,372,TRUE,372,Sanger,Human_colon_16S8159185,,
Wellcome_Sanger,Suo_et_al_2022_Science_Elmentaite2020,Human_colon_16S8159186,2882,TRUE,2882,Sanger,Human_colon_16S8159186,,
Wellcome_Sanger,Suo_et_al_2022_Science_Elmentaite2020,Human_colon_16S8159187,10722,TRUE,10722,Sanger,Human_colon_16S8159187,,
Wellcome_Sanger,Suo_et_al_2022_Science_Elmentaite2020,Human_colon_16S8159188,8917,TRUE,8917,Sanger,Human_colon_16S8159188,,
Wellcome_Sanger,Suo_et_al_2022_Science_Elmentaite2020,Human_colon_16S8159189,3294,TRUE,3294,Sanger,Human_colon_16S8159189,,
Wellcome_Sanger,Suo_et_al_2022_Science_Elmentaite2020,Human_colon_16S8159190,5607,TRUE,5607,Sanger,Human_colon_16S8159190,,
Wellcome_Sanger,Suo_et_al_2022_Science_Jardine2021,FCAImmP7179367,3711,TRUE,3711,Sanger,FCAImmP7179367,,
Wellcome_Sanger,Suo_et_al_2022_Science_Jardine2021,FCAImmP7179368,2353,TRUE,2353,Sanger,FCAImmP7179368,,
Wellcome_Sanger,Suo_et_al_2022_Science_Jardine2021,FCAImmP7277558,2322,TRUE,2322,Sanger,FCAImmP7277558,,
Wellcome_Sanger,Suo_et_al_2022_Science_Jardine2021,FCAImmP7277559,5604,TRUE,5604,Sanger,FCAImmP7277559,,
Wellcome_Sanger,Suo_et_al_2022_Science_Jardine2021,FCAImmP7277566,6337,TRUE,6337,Sanger,FCAImmP7277566,,
Wellcome_Sanger,Suo_et_al_2022_Science_Jardine2021,FCAImmP7277567,3923,TRUE,3923,Sanger,FCAImmP7277567,,
Wellcome_Sanger,Suo_et_al_2022_Science_Jardine2021,FCAImmP7292031,6914,TRUE,6914,Sanger,FCAImmP7292031,,
Wellcome_Sanger,Suo_et_al_2022_Science_Jardine2021,FCAImmP7292035,1871,TRUE,1871,Sanger,FCAImmP7292035,,
Wellcome_Sanger,Suo_et_al_2022_Science_Jardine2021,FCAImmP7528281,1758,TRUE,1758,Sanger,FCAImmP7528281,,
Wellcome_Sanger,Suo_et_al_2022_Science_Jardine2021,FCAImmP7528282,1379,TRUE,1379,Sanger,FCAImmP7528282,,
Wellcome_Sanger,Suo_et_al_2022_Science_Jardine2021,FCAImmP7555853,3683,TRUE,3683,Sanger,FCAImmP7555853,,
Wellcome_Sanger,Suo_et_al_2022_Science_Jardine2021,FCAImmP7555854,2122,TRUE,2122,Sanger,FCAImmP7555854,,
Wellcome_Sanger,Suo_et_al_2022_Science_Jardine2021,FCAImmP7555855,2243,TRUE,2243,Sanger,FCAImmP7555855,,
Wellcome_Sanger,Suo_et_al_2022_Science_Jardine2021,FCAImmP7555862,4130,TRUE,4130,Sanger,FCAImmP7555862,,
Wellcome_Sanger,Suo_et_al_2022_Science_Jardine2021,FCAImmP7579220,3095,TRUE,3095,Sanger,FCAImmP7579220,,
Wellcome_Sanger,Suo_et_al_2022_Science_Jardine2021,FCAImmP7579221,2035,TRUE,2035,Sanger,FCAImmP7579221,,
Wellcome_Sanger,Suo_et_al_2022_Science_Jardine2021,FCAImmP7579232,4057,TRUE,4057,Sanger,FCAImmP7579232,,
Wellcome_Sanger,Suo_et_al_2022_Science_Jardine2021,FCAImmP7579233,2351,TRUE,2351,Sanger,FCAImmP7579233,,
Wellcome_Sanger,Suo_et_al_2022_Science_Jardine2021,FCAImmP7803016,3610,TRUE,3610,Sanger,FCAImmP7803016,,
Wellcome_Sanger,Suo_et_al_2022_Science_Jardine2021,FCAImmP7803017,3676,TRUE,3676,Sanger,FCAImmP7803017,,
Wellcome_Sanger,Suo_et_al_2022_Science_Jardine2021,FCAImmP7803018,2456,TRUE,2456,Sanger,FCAImmP7803018,,
Wellcome_Sanger,Suo_et_al_2022_Science_Jardine2021,FCAImmP7803019,2575,TRUE,2575,Sanger,FCAImmP7803019,,
Wellcome_Sanger,Suo_et_al_2022_Science_Jardine2021,FCAImmP7803028,4834,TRUE,4834,Sanger,FCAImmP7803028,,
Wellcome_Sanger,Suo_et_al_2022_Science_Jardine2021,FCAImmP7803029,4521,TRUE,4521,Sanger,FCAImmP7803029,,
Wellcome_Sanger,Suo_et_al_2022_Science_Jardine2021,FCAImmP7803030,4501,TRUE,4501,Sanger,FCAImmP7803030,,
Wellcome_Sanger,Suo_et_al_2022_Science_Jardine2021,FCAImmP7803031,2630,TRUE,2630,Sanger,FCAImmP7803031,,
Wellcome_Sanger,Suo_et_al_2022_Science_Jardine2021,FCAImmP7803032,2430,TRUE,2430,Sanger,FCAImmP7803032,,
Wellcome_Sanger,Suo_et_al_2022_Science_Jardine2021,FCAImmP7803033,2556,TRUE,2556,Sanger,FCAImmP7803033,,
Wellcome_Sanger,Suo_et_al_2022_Science_Park2020,FCAImmP7179369,3987,TRUE,3987,Sanger,FCAImmP7179369,,
Wellcome_Sanger,Suo_et_al_2022_Science_Park2020,FCAImmP7179370,4356,TRUE,4356,Sanger,FCAImmP7179370,,
Wellcome_Sanger,Suo_et_al_2022_Science_Park2020,FCAImmP7198432,14,TRUE,14,Sanger,FCAImmP7198432,,
Wellcome_Sanger,Suo_et_al_2022_Science_Park2020,FCAImmP7198634,2570,TRUE,2570,Sanger,FCAImmP7198634,,
Wellcome_Sanger,Suo_et_al_2022_Science_Park2020,FCAImmP7198635,2969,TRUE,2969,Sanger,FCAImmP7198635,,
Wellcome_Sanger,Suo_et_al_2022_Science_Park2020,FCAImmP7277556,5733,TRUE,5733,Sanger,FCAImmP7277556,,
Wellcome_Sanger,Suo_et_al_2022_Science_Park2020,FCAImmP7277564,4409,TRUE,4409,Sanger,FCAImmP7277564,,
Wellcome_Sanger,Suo_et_al_2022_Science_Park2020,FCAImmP7277565,2873,TRUE,2873,Sanger,FCAImmP7277565,,
Wellcome_Sanger,Suo_et_al_2022_Science_Park2020,FCAImmP7292030,4432,TRUE,4432,Sanger,FCAImmP7292030,,
Wellcome_Sanger,Suo_et_al_2022_Science_Park2020,FCAImmP7292034,4765,TRUE,4765,Sanger,FCAImmP7292034,,
Wellcome_Sanger,Suo_et_al_2022_Science_Park2020,FCAImmP7528283,2453,TRUE,2453,Sanger,FCAImmP7528283,,
Wellcome_Sanger,Suo_et_al_2022_Science_Park2020,FCAImmP7528284,1579,TRUE,1579,Sanger,FCAImmP7528284,,
Wellcome_Sanger,Suo_et_al_2022_Science_Park2020,FCAImmP7528285,1842,TRUE,1842,Sanger,FCAImmP7528285,,
Wellcome_Sanger,Suo_et_al_2022_Science_Park2020,FCAImmP7528294,2610,TRUE,2610,Sanger,FCAImmP7528294,,
Wellcome_Sanger,Suo_et_al_2022_Science_Park2020,FCAImmP7555851,2938,TRUE,2938,Sanger,FCAImmP7555851,,
Wellcome_Sanger,Suo_et_al_2022_Science_Park2020,FCAImmP7555852,3001,TRUE,3001,Sanger,FCAImmP7555852,,
Wellcome_Sanger,Suo_et_al_2022_Science_Park2020,FCAImmP7555860,1177,TRUE,1177,Sanger,FCAImmP7555860,,
Wellcome_Sanger,Suo_et_al_2022_Science_Park2020,FCAImmP7555861,1907,TRUE,1907,Sanger,FCAImmP7555861,,
Wellcome_Sanger,Suo_et_al_2022_Science_Park2020,FCAImmP7579218,1926,TRUE,1926,Sanger,FCAImmP7579218,,
Wellcome_Sanger,Suo_et_al_2022_Science_Park2020,FCAImmP7579219,8415,TRUE,8415,Sanger,FCAImmP7579219,,
Wellcome_Sanger,Suo_et_al_2022_Science_Park2020,FCAImmP7579230,2042,TRUE,2042,Sanger,FCAImmP7579230,,
Wellcome_Sanger,Suo_et_al_2022_Science_Park2020,FCAImmP7579231,7148,TRUE,7148,Sanger,FCAImmP7579231,,
Wellcome_Sanger,Suo_et_al_2022_Science_Park2020,FCAImmP7851890,3771,TRUE,3771,Sanger,FCAImmP7851890,,
Wellcome_Sanger,Suo_et_al_2022_Science_Park2020,FCAImmP7851891,3838,TRUE,3838,Sanger,FCAImmP7851891,,
Wellcome_Sanger,Suo_et_al_2022_Science_Park2020,FCAImmP7851892,3054,TRUE,3054,Sanger,FCAImmP7851892,,
Wellcome_Sanger,Suo_et_al_2022_Science_Park2020,FCAImmP7851893,3188,TRUE,3188,Sanger,FCAImmP7851893,,
Wellcome_Sanger,Suo_et_al_2022_Science_Park2020,FCAImmP7851894,3710,TRUE,3710,Sanger,FCAImmP7851894,,
Wellcome_Sanger,Suo_et_al_2022_Science_Park2020,FCAImmP7851895,2985,TRUE,2985,Sanger,FCAImmP7851895,,
Wellcome_Sanger,Suo_et_al_2022_Science_Popescu2019,FCAImmP7179363,3704,TRUE,3704,Sanger,FCAImmP7179363,,
Wellcome_Sanger,Suo_et_al_2022_Science_Popescu2019,FCAImmP7179364,5775,TRUE,5775,Sanger,FCAImmP7179364,,
Wellcome_Sanger,Suo_et_al_2022_Science_Popescu2019,FCAImmP7198434,7364,TRUE,7364,Sanger,FCAImmP7198434,,
Wellcome_Sanger,Suo_et_al_2022_Science_Popescu2019,FCAImmP7198628,2891,TRUE,2891,Sanger,FCAImmP7198628,,
Wellcome_Sanger,Suo_et_al_2022_Science_Popescu2019,FCAImmP7198629,4731,TRUE,4731,Sanger,FCAImmP7198629,,
Wellcome_Sanger,Suo_et_al_2022_Science_Popescu2019,FCAImmP7198630,3536,TRUE,3536,Sanger,FCAImmP7198630,,
Wellcome_Sanger,Suo_et_al_2022_Science_Popescu2019,FCAImmP7198631,3974,TRUE,3974,Sanger,FCAImmP7198631,,
Wellcome_Sanger,Suo_et_al_2022_Science_Popescu2019,FCAImmP7241240,365,TRUE,365,Sanger,FCAImmP7241240,,
Wellcome_Sanger,Suo_et_al_2022_Science_Popescu2019,FCAImmP7241241,5057,TRUE,5057,Sanger,FCAImmP7241241,,
Wellcome_Sanger,Suo_et_al_2022_Science_Popescu2019,FCAImmP7277552,3066,TRUE,3066,Sanger,FCAImmP7277552,,
Wellcome_Sanger,Suo_et_al_2022_Science_Popescu2019,FCAImmP7277553,4666,TRUE,4666,Sanger,FCAImmP7277553,,
Wellcome_Sanger,Suo_et_al_2022_Science_Popescu2019,FCAImmP7277560,6386,TRUE,6386,Sanger,FCAImmP7277560,,
Wellcome_Sanger,Suo_et_al_2022_Science_Popescu2019,FCAImmP7277561,5606,TRUE,5606,Sanger,FCAImmP7277561,,
Wellcome_Sanger,Suo_et_al_2022_Science_Popescu2019,FCAImmP7292028,2592,TRUE,2592,Sanger,FCAImmP7292028,,
Wellcome_Sanger,Suo_et_al_2022_Science_Popescu2019,FCAImmP7292032,6702,TRUE,6702,Sanger,FCAImmP7292032,,
Wellcome_Sanger,Suo_et_al_2022_Science_Popescu2019,FCAImmP7316886,4555,TRUE,4555,Sanger,FCAImmP7316886,,
Wellcome_Sanger,Suo_et_al_2022_Science_Popescu2019,FCAImmP7316887,4422,TRUE,4422,Sanger,FCAImmP7316887,,
Wellcome_Sanger,Suo_et_al_2022_Science_Popescu2019,FCAImmP7316888,6080,TRUE,6080,Sanger,FCAImmP7316888,,
Wellcome_Sanger,Suo_et_al_2022_Science_Popescu2019,FCAImmP7316889,4683,TRUE,4683,Sanger,FCAImmP7316889,,
Wellcome_Sanger,Suo_et_al_2022_Science_Popescu2019,FCAImmP7316890,5024,TRUE,5024,Sanger,FCAImmP7316890,,
Wellcome_Sanger,Suo_et_al_2022_Science_Popescu2019,FCAImmP7316891,4893,TRUE,4893,Sanger,FCAImmP7316891,,
Wellcome_Sanger,Suo_et_al_2022_Science_Popescu2019,FCAImmP7316892,5117,TRUE,5117,Sanger,FCAImmP7316892,,
Wellcome_Sanger,Suo_et_al_2022_Science_Popescu2019,FCAImmP7316893,5108,TRUE,5108,Sanger,FCAImmP7316893,,
Wellcome_Sanger,Suo_et_al_2022_Science_Popescu2019,FCAImmP7316894,4269,TRUE,4269,Sanger,FCAImmP7316894,,
Wellcome_Sanger,Suo_et_al_2022_Science_Popescu2019,FCAImmP7316895,4505,TRUE,4505,Sanger,FCAImmP7316895,,
Wellcome_Sanger,Suo_et_al_2022_Science_Popescu2019,FCAImmP7316896,3008,TRUE,3008,Sanger,FCAImmP7316896,,
Wellcome_Sanger,Suo_et_al_2022_Science_Popescu2019,FCAImmP7316897,7943,TRUE,7943,Sanger,FCAImmP7316897,,
Wellcome_Sanger,Suo_et_al_2022_Science_Popescu2019,FCAImmP7316900,714,TRUE,714,Sanger,FCAImmP7316900,,
Wellcome_Sanger,Suo_et_al_2022_Science_Popescu2019,FCAImmP7316901,3924,TRUE,3924,Sanger,FCAImmP7316901,,
Wellcome_Sanger,Suo_et_al_2022_Science_Popescu2019,FCAImmP7352189,2574,TRUE,2574,Sanger,FCAImmP7352189,,
Wellcome_Sanger,Suo_et_al_2022_Science_Popescu2019,FCAImmP7352190,6254,TRUE,6254,Sanger,FCAImmP7352190,,
Wellcome_Sanger,Suo_et_al_2022_Science_Popescu2019,FCAImmP7352191,6522,TRUE,6522,Sanger,FCAImmP7352191,,
Wellcome_Sanger,Suo_et_al_2022_Science_Popescu2019,FCAImmP7352192,5067,TRUE,5067,Sanger,FCAImmP7352192,,
Wellcome_Sanger,Suo_et_al_2022_Science_Popescu2019,FCAImmP7352193,5487,TRUE,5487,Sanger,FCAImmP7352193,,
Wellcome_Sanger,Suo_et_al_2022_Science_Popescu2019,FCAImmP7352194,4781,TRUE,4781,Sanger,FCAImmP7352194,,
Wellcome_Sanger,Suo_et_al_2022_Science_Popescu2019,FCAImmP7352195,4950,TRUE,4950,Sanger,FCAImmP7352195,,
Wellcome_Sanger,Suo_et_al_2022_Science_Popescu2019,FCAImmP7352196,4778,TRUE,4778,Sanger,FCAImmP7352196,,
Wellcome_Sanger,Suo_et_al_2022_Science_Popescu2019,FCAImmP7462238,3020,TRUE,3020,Sanger,FCAImmP7462238,,
Wellcome_Sanger,Suo_et_al_2022_Science_Popescu2019,FCAImmP7462239,4237,TRUE,4237,Sanger,FCAImmP7462239,,
Wellcome_Sanger,Suo_et_al_2022_Science_Popescu2019,FCAImmP7462240,3318,TRUE,3318,Sanger,FCAImmP7462240,,
Wellcome_Sanger,Suo_et_al_2022_Science_Popescu2019,FCAImmP7462241,4872,TRUE,4872,Sanger,FCAImmP7462241,,
Wellcome_Sanger,Suo_et_al_2022_Science_Popescu2019,FCAImmP7462242,1777,TRUE,1777,Sanger,FCAImmP7462242,,
Wellcome_Sanger,Suo_et_al_2022_Science_Popescu2019,FCAImmP7462243,4546,TRUE,4546,Sanger,FCAImmP7462243,,
Wellcome_Sanger,Suo_et_al_2022_Science_Popescu2019,FCAImmP7462244,1507,TRUE,1507,Sanger,FCAImmP7462244,,
Wellcome_Sanger,Suo_et_al_2022_Science_Popescu2019,FCAImmP7504909,2920,TRUE,2920,Sanger,FCAImmP7504909,,
Wellcome_Sanger,Suo_et_al_2022_Science_Popescu2019,FCAImmP7504910,2478,TRUE,2478,Sanger,FCAImmP7504910,,
Wellcome_Sanger,Suo_et_al_2022_Science_Popescu2019,FCAImmP7504911,3023,TRUE,3023,Sanger,FCAImmP7504911,,
Wellcome_Sanger,Suo_et_al_2022_Science_Popescu2019,FCAImmP7504912,2755,TRUE,2755,Sanger,FCAImmP7504912,,
Wellcome_Sanger,Suo_et_al_2022_Science_Popescu2019,FCAImmP7504913,2642,TRUE,2642,Sanger,FCAImmP7504913,,
Wellcome_Sanger,Suo_et_al_2022_Science_Popescu2019,FCAImmP7528286,2471,TRUE,2471,Sanger,FCAImmP7528286,,
Wellcome_Sanger,Suo_et_al_2022_Science_Popescu2019,FCAImmP7528287,2228,TRUE,2228,Sanger,FCAImmP7528287,,
Wellcome_Sanger,Suo_et_al_2022_Science_Popescu2019,FCAImmP7528288,3395,TRUE,3395,Sanger,FCAImmP7528288,,
Wellcome_Sanger,Suo_et_al_2022_Science_Popescu2019,FCAImmP7528289,3296,TRUE,3296,Sanger,FCAImmP7528289,,
Wellcome_Sanger,Suo_et_al_2022_Science_Popescu2019,FCAImmP7528295,2929,TRUE,2929,Sanger,FCAImmP7528295,,
Wellcome_Sanger,Suo_et_al_2022_Science_Popescu2019,FCAImmP7555846,4408,TRUE,4408,Sanger,FCAImmP7555846,,
Wellcome_Sanger,Suo_et_al_2022_Science_Popescu2019,FCAImmP7555847,5317,TRUE,5317,Sanger,FCAImmP7555847,,
Wellcome_Sanger,Suo_et_al_2022_Science_Popescu2019,FCAImmP7555856,3853,TRUE,3853,Sanger,FCAImmP7555856,,
Wellcome_Sanger,Suo_et_al_2022_Science_Popescu2019,FCAImmP7555857,4777,TRUE,4777,Sanger,FCAImmP7555857,,
Wellcome_Sanger,Suo_et_al_2022_Science_Popescu2019,FCAImmP7579222,3519,TRUE,3519,Sanger,FCAImmP7579222,,
Wellcome_Sanger,Suo_et_al_2022_Science_Popescu2019,FCAImmP7579223,2944,TRUE,2944,Sanger,FCAImmP7579223,,
Wellcome_Sanger,Suo_et_al_2022_Science_Popescu2019,FCAImmP7579226,8543,TRUE,8543,Sanger,FCAImmP7579226,,
Wellcome_Sanger,Suo_et_al_2022_Science_Popescu2019,FCAImmP7579227,2528,TRUE,2528,Sanger,FCAImmP7579227,,
Wellcome_Sanger,Suo_et_al_2022_Science_Stewart2019,FCAImmP7528292,2125,TRUE,2125,Sanger,FCAImmP7528292,,
Wellcome_Sanger,Suo_et_al_2022_Science_Stewart2019,FCAImmP7528293,3700,TRUE,3700,Sanger,FCAImmP7528293,,
Wellcome_Sanger,Suo_et_al_2022_Science_Stewart2019,FCAImmP7555849,3346,TRUE,3346,Sanger,FCAImmP7555849,,
Wellcome_Sanger,Suo_et_al_2022_Science_Stewart2019,FCAImmP7555850,2029,TRUE,2029,Sanger,FCAImmP7555850,,
Wellcome_Sanger,Suo_et_al_2022_Science_Stewart2019,FCAImmP7579214,2018,TRUE,2018,Sanger,FCAImmP7579214,,
Wellcome_Sanger,Suo_et_al_2022_Science_Stewart2019,FCAImmP7579215,2630,TRUE,2630,Sanger,FCAImmP7579215,,
Wellcome_Sanger,Suo_et_al_2022_Science_Suo2022,FCAImmP7179365,5125,TRUE,5125,Sanger,FCAImmP7179365,,
Wellcome_Sanger,Suo_et_al_2022_Science_Suo2022,FCAImmP7179366,4115,TRUE,4115,Sanger,FCAImmP7179366,,
Wellcome_Sanger,Suo_et_al_2022_Science_Suo2022,FCAImmP7198433,362,TRUE,362,Sanger,FCAImmP7198433,,
Wellcome_Sanger,Suo_et_al_2022_Science_Suo2022,FCAImmP7198435,41,TRUE,41,Sanger,FCAImmP7198435,,
Wellcome_Sanger,Suo_et_al_2022_Science_Suo2022,FCAImmP7198632,4782,TRUE,4782,Sanger,FCAImmP7198632,,
Wellcome_Sanger,Suo_et_al_2022_Science_Suo2022,FCAImmP7198633,4722,TRUE,4722,Sanger,FCAImmP7198633,,
Wellcome_Sanger,Suo_et_al_2022_Science_Suo2022,FCAImmP7241242,20,TRUE,20,Sanger,FCAImmP7241242,,
Wellcome_Sanger,Suo_et_al_2022_Science_Suo2022,FCAImmP7241243,64,TRUE,64,Sanger,FCAImmP7241243,,
Wellcome_Sanger,Suo_et_al_2022_Science_Suo2022,FCAImmP7277554,3630,TRUE,3630,Sanger,FCAImmP7277554,,
Wellcome_Sanger,Suo_et_al_2022_Science_Suo2022,FCAImmP7277555,2170,TRUE,2170,Sanger,FCAImmP7277555,,
Wellcome_Sanger,Suo_et_al_2022_Science_Suo2022,FCAImmP7277562,4219,TRUE,4219,Sanger,FCAImmP7277562,,
Wellcome_Sanger,Suo_et_al_2022_Science_Suo2022,FCAImmP7277563,3074,TRUE,3074,Sanger,FCAImmP7277563,,
Wellcome_Sanger,Suo_et_al_2022_Science_Suo2022,FCAImmP7292029,4963,TRUE,4963,Sanger,FCAImmP7292029,,
Wellcome_Sanger,Suo_et_al_2022_Science_Suo2022,FCAImmP7292033,4548,TRUE,4548,Sanger,FCAImmP7292033,,
Wellcome_Sanger,Suo_et_al_2022_Science_Suo2022,FCAImmP7316898,2519,TRUE,2519,Sanger,FCAImmP7316898,,
Wellcome_Sanger,Suo_et_al_2022_Science_Suo2022,FCAImmP7316899,2282,TRUE,2282,Sanger,FCAImmP7316899,,
Wellcome_Sanger,Suo_et_al_2022_Science_Suo2022,FCAImmP7528279,2798,TRUE,2798,Sanger,FCAImmP7528279,,
Wellcome_Sanger,Suo_et_al_2022_Science_Suo2022,FCAImmP7528280,3936,TRUE,3936,Sanger,FCAImmP7528280,,
Wellcome_Sanger,Suo_et_al_2022_Science_Suo2022,FCAImmP7528290,3145,TRUE,3145,Sanger,FCAImmP7528290,,
Wellcome_Sanger,Suo_et_al_2022_Science_Suo2022,FCAImmP7528291,4826,TRUE,4826,Sanger,FCAImmP7528291,,
Wellcome_Sanger,Suo_et_al_2022_Science_Suo2022,FCAImmP7528296,3173,TRUE,3173,Sanger,FCAImmP7528296,,
Wellcome_Sanger,Suo_et_al_2022_Science_Suo2022,FCAImmP7555848,3302,TRUE,3302,Sanger,FCAImmP7555848,,
Wellcome_Sanger,Suo_et_al_2022_Science_Suo2022,FCAImmP7555858,499,TRUE,499,Sanger,FCAImmP7555858,,
Wellcome_Sanger,Suo_et_al_2022_Science_Suo2022,FCAImmP7555859,2813,TRUE,2813,Sanger,FCAImmP7555859,,
Wellcome_Sanger,Suo_et_al_2022_Science_Suo2022,FCAImmP7579212,2203,TRUE,2203,Sanger,FCAImmP7579212,,
Wellcome_Sanger,Suo_et_al_2022_Science_Suo2022,FCAImmP7579213,3852,TRUE,3852,Sanger,FCAImmP7579213,,
Wellcome_Sanger,Suo_et_al_2022_Science_Suo2022,FCAImmP7579216,5042,TRUE,5042,Sanger,FCAImmP7579216,,
Wellcome_Sanger,Suo_et_al_2022_Science_Suo2022,FCAImmP7579217,3584,TRUE,3584,Sanger,FCAImmP7579217,,
Wellcome_Sanger,Suo_et_al_2022_Science_Suo2022,FCAImmP7579224,1958,TRUE,1958,Sanger,FCAImmP7579224,,
Wellcome_Sanger,Suo_et_al_2022_Science_Suo2022,FCAImmP7579225,1388,TRUE,1388,Sanger,FCAImmP7579225,,
Wellcome_Sanger,Suo_et_al_2022_Science_Suo2022,FCAImmP7579228,5240,TRUE,5240,Sanger,FCAImmP7579228,,
Wellcome_Sanger,Suo_et_al_2022_Science_Suo2022,FCAImmP7579229,4997,TRUE,4997,Sanger,FCAImmP7579229,,
Wellcome_Sanger,Suo_et_al_2022_Science_Suo2022,FCAImmP7803020,5347,TRUE,5347,Sanger,FCAImmP7803020,,
Wellcome_Sanger,Suo_et_al_2022_Science_Suo2022,FCAImmP7803021,5604,TRUE,5604,Sanger,FCAImmP7803021,,
Wellcome_Sanger,Suo_et_al_2022_Science_Suo2022,FCAImmP7803022,4164,TRUE,4164,Sanger,FCAImmP7803022,,
Wellcome_Sanger,Suo_et_al_2022_Science_Suo2022,FCAImmP7803023,4335,TRUE,4335,Sanger,FCAImmP7803023,,
Wellcome_Sanger,Suo_et_al_2022_Science_Suo2022,FCAImmP7803024,3383,TRUE,3383,Sanger,FCAImmP7803024,,
Wellcome_Sanger,Suo_et_al_2022_Science_Suo2022,FCAImmP7803025,4430,TRUE,4430,Sanger,FCAImmP7803025,,
Wellcome_Sanger,Suo_et_al_2022_Science_Suo2022,FCAImmP7803026,6007,TRUE,6007,Sanger,FCAImmP7803026,,
Wellcome_Sanger,Suo_et_al_2022_Science_Suo2022,FCAImmP7803027,5668,TRUE,5668,Sanger,FCAImmP7803027,,
Wellcome_Sanger,Suo_et_al_2022_Science_Suo2022,FCAImmP7803034,6666,TRUE,6666,Sanger,FCAImmP7803034,,
Wellcome_Sanger,Suo_et_al_2022_Science_Suo2022,FCAImmP7803035,6023,TRUE,6023,Sanger,FCAImmP7803035,,
Wellcome_Sanger,Suo_et_al_2022_Science_Suo2022,FCAImmP7803036,4476,TRUE,4476,Sanger,FCAImmP7803036,,
Wellcome_Sanger,Suo_et_al_2022_Science_Suo2022,FCAImmP7803037,7411,TRUE,7411,Sanger,FCAImmP7803037,,
Wellcome_Sanger,Suo_et_al_2022_Science_Suo2022,FCAImmP7803038,7360,TRUE,7360,Sanger,FCAImmP7803038,,
Wellcome_Sanger,Suo_et_al_2022_Science_Suo2022,FCAImmP7803039,7476,TRUE,7476,Sanger,FCAImmP7803039,,
Wellcome_Sanger,Suo_et_al_2022_Science_Suo2022,FCAImmP7803040,8486,TRUE,8486,Sanger,FCAImmP7803040,,
Wellcome_Sanger,Suo_et_al_2022_Science_Suo2022,FCAImmP7803041,3215,TRUE,3215,Sanger,FCAImmP7803041,,
Wellcome_Sanger,Suo_et_al_2022_Science_Suo2022,FCAImmP7803042,7527,TRUE,7527,Sanger,FCAImmP7803042,,
Wellcome_Sanger,Suo_et_al_2022_Science_Suo2022,FCAImmP7803043,6456,TRUE,6456,Sanger,FCAImmP7803043,,
Wellcome_Sanger,Suo_et_al_2022_Science_Suo2022,FCAImmP7851896,3190,TRUE,3190,Sanger,FCAImmP7851896,,
Wellcome_Sanger,Suo_et_al_2022_Science_Suo2022,FCAImmP7851897,2568,TRUE,2568,Sanger,FCAImmP7851897,,
Wellcome_Sanger,Suo_et_al_2022_Science_Suo2022,FCAImmP7862084,8170,TRUE,8170,Sanger,FCAImmP7862084,,
Wellcome_Sanger,Suo_et_al_2022_Science_Suo2022,FCAImmP7862085,7690,TRUE,7690,Sanger,FCAImmP7862085,,
Wellcome_Sanger,Suo_et_al_2022_Science_Suo2022,FCAImmP7862086,8069,TRUE,8069,Sanger,FCAImmP7862086,,
Wellcome_Sanger,Suo_et_al_2022_Science_Suo2022,FCAImmP7862087,7781,TRUE,7781,Sanger,FCAImmP7862087,,
Wellcome_Sanger,Suo_et_al_2022_Science_Suo2022,FCAImmP7862088,5532,TRUE,5532,Sanger,FCAImmP7862088,,
Wellcome_Sanger,Suo_et_al_2022_Science_Suo2022,FCAImmP7862089,4905,TRUE,4905,Sanger,FCAImmP7862089,,
Wellcome_Sanger,Suo_et_al_2022_Science_Suo2022,FCAImmP7862090,3153,TRUE,3153,Sanger,FCAImmP7862090,,
Wellcome_Sanger,Suo_et_al_2022_Science_Suo2022,FCAImmP7862091,8854,TRUE,8854,Sanger,FCAImmP7862091,,
Wellcome_Sanger,Suo_et_al_2022_Science_Suo2022,FCAImmP7862092,8657,TRUE,8657,Sanger,FCAImmP7862092,,
Wellcome_Sanger,Suo_et_al_2022_Science_Suo2022,FCAImmP7862093,9041,TRUE,9041,Sanger,FCAImmP7862093,,
Wellcome_Sanger,Suo_et_al_2022_Science_Suo2022,FCAImmP7862094,2634,TRUE,2634,Sanger,FCAImmP7862094,,
Wellcome_Sanger,Suo_et_al_2022_Science_Suo2022,FCAImmP7862096,7368,TRUE,7368,Sanger,FCAImmP7862096,,
Wellcome_Sanger,Suo_et_al_2022_Science_Suo2022,FCAImmP7964499,412,TRUE,412,Sanger,FCAImmP7964499,,
Wellcome_Sanger,Suo_et_al_2022_Science_Suo2022,FCAImmP7964500,699,TRUE,699,Sanger,FCAImmP7964500,,
Wellcome_Sanger,Suo_et_al_2022_Science_Suo2022,FCAImmP7964501,894,TRUE,894,Sanger,FCAImmP7964501,,
Wellcome_Sanger,Suo_et_al_2022_Science_Suo2022,FCAImmP7964502,876,TRUE,876,Sanger,FCAImmP7964502,,
Wellcome_Sanger,Suo_et_al_2022_Science_Suo2022,FCAImmP7964503,6982,TRUE,6982,Sanger,FCAImmP7964503,,
Wellcome_Sanger,Suo_et_al_2022_Science_Suo2022,FCAImmP7964504,6401,TRUE,6401,Sanger,FCAImmP7964504,,
Wellcome_Sanger,Suo_et_al_2022_Science_Suo2022,FCAImmP7964505,3100,TRUE,3100,Sanger,FCAImmP7964505,,
Wellcome_Sanger,Suo_et_al_2022_Science_Suo2022,FCAImmP7964506,3527,TRUE,3527,Sanger,FCAImmP7964506,,
Wellcome_Sanger,Suo_et_al_2022_Science_Suo2022,FCAImmP7964507,2934,TRUE,2934,Sanger,FCAImmP7964507,,
Wellcome_Sanger,Suo_et_al_2022_Science_Suo2022,FCAImmP7964508,7400,TRUE,7400,Sanger,FCAImmP7964508,,
Wellcome_Sanger,Suo_et_al_2022_Science_Suo2022,FCAImmP7964509,7191,TRUE,7191,Sanger,FCAImmP7964509,,
Wellcome_Sanger,Suo_et_al_2022_Science_Suo2022,FCAImmP7964510,6062,TRUE,6062,Sanger,FCAImmP7964510,,
Wellcome_Sanger,To_et_al_2024_nature,HCA_BN_F12482359,4394,TRUE,4394,Sanger,HCA_BN_F12482359,,
Wellcome_Sanger,To_et_al_2024_nature,HCA_BN_F12482360,1210,TRUE,1210,Sanger,HCA_BN_F12482360,,
Wellcome_Sanger,To_et_al_2024_nature,HCA_BN_F12482361,6997,TRUE,6997,Sanger,HCA_BN_F12482361,,
Wellcome_Sanger,To_et_al_2024_nature,HCA_BN_F12482362,1045,TRUE,1045,Sanger,HCA_BN_F12482362,,
Wellcome_Sanger,To_et_al_2024_nature,HCA_BN_F12482363,1945,TRUE,1945,Sanger,HCA_BN_F12482363,,
Wellcome_Sanger,To_et_al_2024_nature,HCA_BN_F12482364,2307,TRUE,2307,Sanger,HCA_BN_F12482364,,
Wellcome_Sanger,To_et_al_2024_nature,HCA_BN_F12482365,5231,TRUE,5231,Sanger,HCA_BN_F12482365,,
Wellcome_Sanger,To_et_al_2024_nature,HCA_BN_F12808058,7154,TRUE,7154,Sanger,HCA_BN_F12808058,,
Wellcome_Sanger,To_et_al_2024_nature,HCA_BN_F12808059,3590,TRUE,3590,Sanger,HCA_BN_F12808059,,
Wellcome_Sanger,To_et_al_2024_nature,HCA_BN_F12808060,5154,TRUE,5154,Sanger,HCA_BN_F12808060,,
Wellcome_Sanger,To_et_al_2024_nature,HCA_BN_F12808061,15375,TRUE,15375,Sanger,HCA_BN_F12808061,,
Wellcome_Sanger,To_et_al_2024_nature,HCA_BN_F12808062,10837,TRUE,10837,Sanger,HCA_BN_F12808062,,
Wellcome_Sanger,To_et_al_2024_nature,HCA_BN_F12966455,10480,TRUE,10480,Sanger,HCA_BN_F12966455,,
Wellcome_Sanger,To_et_al_2024_nature,HCA_BN_F12966456,12804,TRUE,12804,Sanger,HCA_BN_F12966456,,
Wellcome_Sanger,To_et_al_2024_nature,HCA_BN_F12966457,14046,TRUE,14046,Sanger,HCA_BN_F12966457,,
Wellcome_Sanger,To_et_al_2024_nature,HCA_BN_F12966458,8274,TRUE,8274,Sanger,HCA_BN_F12966458,,
Wellcome_Sanger,To_et_al_2024_nature,HCA_BN_F12966459,16064,TRUE,16064,Sanger,HCA_BN_F12966459,,
Wellcome_Sanger,To_et_al_2024_nature,HCA_BN_F12966460,15079,TRUE,15079,Sanger,HCA_BN_F12966460,,
Wellcome_Sanger,To_et_al_2024_nature,HCA_BN_F12966461,8437,TRUE,8437,Sanger,HCA_BN_F12966461,,
Wellcome_Sanger,To_et_al_2024_nature,HCA_BN_F13109714,4689,TRUE,4689,Sanger,HCA_BN_F13109714,,
Wellcome_Sanger,To_et_al_2024_nature,HCA_BN_F13109715,205,TRUE,205,Sanger,HCA_BN_F13109715,,
Wellcome_Sanger,To_et_al_2024_nature,HCA_BN_F13109718,3459,TRUE,3459,Sanger,HCA_BN_F13109718,,
Wellcome_Sanger,To_et_al_2024_nature,HCA_BN_F13109719,3009,TRUE,3009,Sanger,HCA_BN_F13109719,,
Wellcome_Sanger,To_et_al_2024_nature,HCA_BN_F13177434,5930,TRUE,5930,Sanger,HCA_BN_F13177434,,
Wellcome_Sanger,To_et_al_2024_nature,HCA_BN_F13177435,7292,TRUE,7292,Sanger,HCA_BN_F13177435,,
Wellcome_Sanger,To_et_al_2024_nature,HCA_BN_F13177436,5528,TRUE,5528,Sanger,HCA_BN_F13177436,,
Wellcome_Sanger,To_et_al_2024_nature,HCA_BN_F13177437,16779,TRUE,16779,Sanger,HCA_BN_F13177437,,
Wellcome_Sanger,whole_embryo,WS_wEMB10202336,1749,TRUE,1749,Sanger,WS_wEMB10202336,,
Wellcome_Sanger,whole_embryo,WS_wEMB10202337,7669,TRUE,7669,Sanger,WS_wEMB10202337,,
Wellcome_Sanger,whole_embryo,WS_wEMB10202338,7683,TRUE,7683,Sanger,WS_wEMB10202338,,
Wellcome_Sanger,whole_embryo,WS_wEMB10202339,7472,TRUE,7472,Sanger,WS_wEMB10202339,,
Wellcome_Sanger,whole_embryo,WS_wEMB10202340,6207,TRUE,6207,Sanger,WS_wEMB10202340,,
Wellcome_Sanger,whole_embryo,WS_wEMB10202341,8867,TRUE,8867,Sanger,WS_wEMB10202341,,
Wellcome_Sanger,whole_embryo,WS_wEMB10202342,9638,TRUE,9638,Sanger,WS_wEMB10202342,,
Wellcome_Sanger,whole_embryo,WS_wEMB10202343,8598,TRUE,8598,Sanger,WS_wEMB10202343,,
Wellcome_Sanger,whole_embryo,WS_wEMB10202344,8644,TRUE,8644,Sanger,WS_wEMB10202344,,
Wellcome_Sanger,whole_embryo,WS_wEMB10202345,5581,TRUE,5581,Sanger,WS_wEMB10202345,,
Wellcome_Sanger,whole_embryo,WS_wEMB10202346,5406,TRUE,5406,Sanger,WS_wEMB10202346,,
Wellcome_Sanger,whole_embryo,WS_wEMB10202347,5569,TRUE,5569,Sanger,WS_wEMB10202347,,
Wellcome_Sanger,whole_embryo,WS_wEMB10202348,6825,TRUE,6825,Sanger,WS_wEMB10202348,,
Wellcome_Sanger,whole_embryo,WS_wEMB10202349,6058,TRUE,6058,Sanger,WS_wEMB10202349,,
Wellcome_Sanger,whole_embryo,WS_wEMB10202350,5791,TRUE,5791,Sanger,WS_wEMB10202350,,
Wellcome_Sanger,whole_embryo,WS_wEMB10202351,3413,TRUE,3413,Sanger,WS_wEMB10202351,,
Wellcome_Sanger,whole_embryo,WS_wEMB10202352,6584,TRUE,6584,Sanger,WS_wEMB10202352,,
Wellcome_Sanger,whole_embryo,WS_wEMB10202353,3653,TRUE,3653,Sanger,WS_wEMB10202353,,
Wellcome_Sanger,whole_embryo,WS_wEMB10202354,6615,TRUE,6615,Sanger,WS_wEMB10202354,,
Wellcome_Sanger,whole_embryo,WS_wEMB10202355,7550,TRUE,7550,Sanger,WS_wEMB10202355,,
Wellcome_Sanger,whole_embryo,WS_wEMB10202356,3353,TRUE,3353,Sanger,WS_wEMB10202356,,
Wellcome_Sanger,whole_embryo,WS_wEMB10202357,6636,TRUE,6636,Sanger,WS_wEMB10202357,,
Wellcome_Sanger,whole_embryo,WS_wEMB10202358,6184,TRUE,6184,Sanger,WS_wEMB10202358,,
Wellcome_Sanger,whole_embryo,WS_wEMB10202359,6318,TRUE,6318,Sanger,WS_wEMB10202359,,
Wellcome_Sanger,whole_embryo,WS_wEMB10202361,6456,TRUE,6456,Sanger,WS_wEMB10202361,,
Wellcome_Sanger,whole_embryo,WS_wEMB10202362,6100,TRUE,6100,Sanger,WS_wEMB10202362,,
Wellcome_Sanger,whole_embryo,WS_wEMB10202363,6056,TRUE,6056,Sanger,WS_wEMB10202363,,
Wellcome_Sanger,whole_embryo,WS_wEMB10202364,6033,TRUE,6033,Sanger,WS_wEMB10202364,,
Wellcome_Sanger,whole_embryo,WS_wEMB10202365,5996,TRUE,5996,Sanger,WS_wEMB10202365,,
Wellcome_Sanger,whole_embryo,WS_wEMB10202366,5047,TRUE,5047,Sanger,WS_wEMB10202366,,
Wellcome_Sanger,whole_embryo,WS_wEMB10202367,5231,TRUE,5231,Sanger,WS_wEMB10202367,,
Wellcome_Sanger,whole_embryo,WS_wEMB10202368,4953,TRUE,4953,Sanger,WS_wEMB10202368,,
Wellcome_Sanger,whole_embryo,WS_wEMB10202369,5563,TRUE,5563,Sanger,WS_wEMB10202369,,
Wellcome_Sanger,whole_embryo,WS_wEMB10202370,5739,TRUE,5739,Sanger,WS_wEMB10202370,,
Wellcome_Sanger,whole_embryo,WS_wEMB10202371,5588,TRUE,5588,Sanger,WS_wEMB10202371,,
Wellcome_Sanger,whole_embryo,WS_wEMB10202372,5524,TRUE,5524,Sanger,WS_wEMB10202372,,
Wellcome_Sanger,whole_embryo,WS_wEMB10202373,5767,TRUE,5767,Sanger,WS_wEMB10202373,,
Wellcome_Sanger,whole_embryo,WS_wEMB10202374,6834,TRUE,6834,Sanger,WS_wEMB10202374,,
Wellcome_Sanger,whole_embryo,WS_wEMB10202375,5351,TRUE,5351,Sanger,WS_wEMB10202375,,
Wellcome_Sanger,whole_embryo,WS_wEMB10202376,5723,TRUE,5723,Sanger,WS_wEMB10202376,,
Wellcome_Sanger,whole_embryo,WS_wEMB10202377,5970,TRUE,5970,Sanger,WS_wEMB10202377,,
Wellcome_Sanger,whole_embryo,WS_wEMB10202378,6578,TRUE,6578,Sanger,WS_wEMB10202378,,
Wellcome_Sanger,whole_embryo,WS_wEMB10202379,5993,TRUE,5993,Sanger,WS_wEMB10202379,,
Wellcome_Sanger,whole_embryo,WS_wEMB10202380,5898,TRUE,5898,Sanger,WS_wEMB10202380,,
Wellcome_Sanger,whole_embryo,WS_wEMB11031919,8360,TRUE,8360,Sanger,WS_wEMB11031919,,
Wellcome_Sanger,whole_embryo,WS_wEMB11031920,12255,TRUE,12255,Sanger,WS_wEMB11031920,,
Wellcome_Sanger,whole_embryo,WS_wEMB11031921,11628,TRUE,11628,Sanger,WS_wEMB11031921,,
Wellcome_Sanger,whole_embryo,WS_wEMB11031922,7053,TRUE,7053,Sanger,WS_wEMB11031922,,
Wellcome_Sanger,whole_embryo,WS_wEMB11031923,3733,TRUE,3733,Sanger,WS_wEMB11031923,,
Wellcome_Sanger,whole_embryo,WS_wEMB11031924,11819,TRUE,11819,Sanger,WS_wEMB11031924,,
Wellcome_Sanger,whole_embryo,WS_wEMB11031925,11307,TRUE,11307,Sanger,WS_wEMB11031925,,
Wellcome_Sanger,whole_embryo,WS_wEMB11031926,9168,TRUE,9168,Sanger,WS_wEMB11031926,,
Wellcome_Sanger,whole_embryo,WS_wEMB11031927,9936,TRUE,9936,Sanger,WS_wEMB11031927,,
Wellcome_Sanger,whole_embryo,WS_wEMB11031928,11234,TRUE,11234,Sanger,WS_wEMB11031928,,
Wellcome_Sanger,whole_embryo,WS_wEMB11031929,9303,TRUE,9303,Sanger,WS_wEMB11031929,,
Wellcome_Sanger,whole_embryo,WS_wEMB11031930,7245,TRUE,7245,Sanger,WS_wEMB11031930,,
Wellcome_Sanger,whole_embryo,WS_wEMB11031931,7718,TRUE,7718,Sanger,WS_wEMB11031931,,
Wellcome_Sanger,whole_embryo,WS_wEMB11031932,12285,TRUE,12285,Sanger,WS_wEMB11031932,,
Wellcome_Sanger,whole_embryo,WS_wEMB11031933,8540,TRUE,8540,Sanger,WS_wEMB11031933,,
Wellcome_Sanger,whole_embryo,WS_wEMB11031934,7626,TRUE,7626,Sanger,WS_wEMB11031934,,
Wellcome_Sanger,whole_embryo,WS_wEMB11031935,4951,TRUE,4951,Sanger,WS_wEMB11031935,,
Wellcome_Sanger,whole_embryo,WS_wEMB11031936,6103,TRUE,6103,Sanger,WS_wEMB11031936,,
Wellcome_Sanger,whole_embryo,WS_wEMB11031937,7126,TRUE,7126,Sanger,WS_wEMB11031937,,
Wellcome_Sanger,whole_embryo,WS_wEMB11031938,10535,TRUE,10535,Sanger,WS_wEMB11031938,,
Wellcome_Sanger,whole_embryo,WS_wEMB11031939,9712,TRUE,9712,Sanger,WS_wEMB11031939,,
Wellcome_Sanger,whole_embryo,WS_wEMB11031940,6499,TRUE,6499,Sanger,WS_wEMB11031940,,
Wellcome_Sanger,whole_embryo,WS_wEMB11031941,6472,TRUE,6472,Sanger,WS_wEMB11031941,,
Wellcome_Sanger,whole_embryo,WS_wEMB11031942,10497,TRUE,10497,Sanger,WS_wEMB11031942,,
Wellcome_Sanger,whole_embryo,WS_wEMB11031944,7164,TRUE,7164,Sanger,WS_wEMB11031944,,
Wellcome_Sanger,whole_embryo,WS_wEMB11031945,6671,TRUE,6671,Sanger,WS_wEMB11031945,,
Wellcome_Sanger,whole_embryo,WS_wEMB11031946,11712,TRUE,11712,Sanger,WS_wEMB11031946,,
Wellcome_Sanger,whole_embryo,WS_wEMB11031947,6757,TRUE,6757,Sanger,WS_wEMB11031947,,
Wellcome_Sanger,whole_embryo,WS_wEMB11031948,6567,TRUE,6567,Sanger,WS_wEMB11031948,,
Wellcome_Sanger,whole_embryo,WS_wEMB11031949,7395,TRUE,7395,Sanger,WS_wEMB11031949,,
Wellcome_Sanger,whole_embryo,WS_wEMB11031950,14728,TRUE,14728,Sanger,WS_wEMB11031950,,
Wellcome_Sanger,whole_embryo,WS_wEMB11031951,12752,TRUE,12752,Sanger,WS_wEMB11031951,,
Wellcome_Sanger,whole_embryo,WS_wEMB11031952,6858,TRUE,6858,Sanger,WS_wEMB11031952,,
Wellcome_Sanger,whole_embryo,WS_wEMB11031953,9494,TRUE,9494,Sanger,WS_wEMB11031953,,
Wellcome_Sanger,whole_embryo,WS_wEMB11031954,6392,TRUE,6392,Sanger,WS_wEMB11031954,,
Wellcome_Sanger,whole_embryo,WS_wEMB11031955,10605,TRUE,10605,Sanger,WS_wEMB11031955,,
Wellcome_Sanger,whole_embryo,WS_wEMB11031956,12175,TRUE,12175,Sanger,WS_wEMB11031956,,
Wellcome_Sanger,whole_embryo,WS_wEMB11031957,9028,TRUE,9028,Sanger,WS_wEMB11031957,,
Wellcome_Sanger,whole_embryo,WS_wEMB11031958,8473,TRUE,8473,Sanger,WS_wEMB11031958,,
Wellcome_Sanger,whole_embryo,WS_wEMB11031959,7030,TRUE,7030,Sanger,WS_wEMB11031959,,
Wellcome_Sanger,whole_embryo,WS_wEMB11031960,5900,TRUE,5900,Sanger,WS_wEMB11031960,,
Wellcome_Sanger,whole_embryo,WS_wEMB11031961,7758,TRUE,7758,Sanger,WS_wEMB11031961,,
Wellcome_Sanger,whole_embryo,WS_wEMB11031962,5748,TRUE,5748,Sanger,WS_wEMB11031962,,
Wellcome_Sanger,whole_embryo,WS_wEMB11031963,6673,TRUE,6673,Sanger,WS_wEMB11031963,,
Wellcome_Sanger,whole_embryo,WS_wEMB11031964,7100,TRUE,7100,Sanger,WS_wEMB11031964,,
Wellcome_Sanger,whole_embryo,WS_wEMB11031965,7503,TRUE,7503,Sanger,WS_wEMB11031965,,
Wellcome_Sanger,whole_embryo,WS_wEMB11031966,7476,TRUE,7476,Sanger,WS_wEMB11031966,,
Wellcome_Sanger,whole_embryo,WS_wEMB12142105,8756,TRUE,8756,Sanger,WS_wEMB12142105,,
Wellcome_Sanger,whole_embryo,WS_wEMB12142106,9506,TRUE,9506,Sanger,WS_wEMB12142106,,
Wellcome_Sanger,whole_embryo,WS_wEMB12142107,7658,TRUE,7658,Sanger,WS_wEMB12142107,,
Wellcome_Sanger,whole_embryo,WS_wEMB12142108,5812,TRUE,5812,Sanger,WS_wEMB12142108,,
Wellcome_Sanger,whole_embryo,WS_wEMB12142109,7370,TRUE,7370,Sanger,WS_wEMB12142109,,
Wellcome_Sanger,whole_embryo,WS_wEMB12142110,9988,TRUE,9988,Sanger,WS_wEMB12142110,,
Wellcome_Sanger,whole_embryo,WS_wEMB12142111,6901,TRUE,6901,Sanger,WS_wEMB12142111,,
Wellcome_Sanger,whole_embryo,WS_wEMB12142112,6215,TRUE,6215,Sanger,WS_wEMB12142112,,
Wellcome_Sanger,whole_embryo,WS_wEMB12142113,7628,TRUE,7628,Sanger,WS_wEMB12142113,,
Wellcome_Sanger,whole_embryo,WS_wEMB12142114,9586,TRUE,9586,Sanger,WS_wEMB12142114,,
Wellcome_Sanger,whole_embryo,WS_wEMB12142115,6413,TRUE,6413,Sanger,WS_wEMB12142115,,
Wellcome_Sanger,whole_embryo,WS_wEMB12142116,5872,TRUE,5872,Sanger,WS_wEMB12142116,,
Wellcome_Sanger,whole_embryo,WS_wEMB12142117,8143,TRUE,8143,Sanger,WS_wEMB12142117,,
Wellcome_Sanger,whole_embryo,WS_wEMB12142118,8717,TRUE,8717,Sanger,WS_wEMB12142118,,
Wellcome_Sanger,whole_embryo,WS_wEMB12142119,6377,TRUE,6377,Sanger,WS_wEMB12142119,,
Wellcome_Sanger,whole_embryo,WS_wEMB12142120,7332,TRUE,7332,Sanger,WS_wEMB12142120,,
Wellcome_Sanger,whole_embryo,WS_wEMB12142121,8822,TRUE,8822,Sanger,WS_wEMB12142121,,
Wellcome_Sanger,whole_embryo,WS_wEMB12142122,8222,TRUE,8222,Sanger,WS_wEMB12142122,,
Wellcome_Sanger,whole_embryo,WS_wEMB12142123,6727,TRUE,6727,Sanger,WS_wEMB12142123,,
Wellcome_Sanger,whole_embryo,WS_wEMB12142124,5736,TRUE,5736,Sanger,WS_wEMB12142124,,
Wellcome_Sanger,whole_embryo,WS_wEMB12142125,7486,TRUE,7486,Sanger,WS_wEMB12142125,,
Wellcome_Sanger,whole_embryo,WS_wEMB12142126,7807,TRUE,7807,Sanger,WS_wEMB12142126,,
Wellcome_Sanger,whole_embryo,WS_wEMB12142127,6880,TRUE,6880,Sanger,WS_wEMB12142127,,
Wellcome_Sanger,whole_embryo,WS_wEMB12142128,6107,TRUE,6107,Sanger,WS_wEMB12142128,,
Wellcome_Sanger,whole_embryo,WS_wEMB12142129,8629,TRUE,8629,Sanger,WS_wEMB12142129,,
Wellcome_Sanger,whole_embryo,WS_wEMB12142130,7889,TRUE,7889,Sanger,WS_wEMB12142130,,
Wellcome_Sanger,whole_embryo,WS_wEMB12142131,6552,TRUE,6552,Sanger,WS_wEMB12142131,,
Wellcome_Sanger,whole_embryo,WS_wEMB12142135,7488,TRUE,7488,Sanger,WS_wEMB12142135,,
Wellcome_Sanger,whole_embryo,WS_wEMB12142136,8766,TRUE,8766,Sanger,WS_wEMB12142136,,
Wellcome_Sanger,whole_embryo,WS_wEMB12142137,7546,TRUE,7546,Sanger,WS_wEMB12142137,,
Wellcome_Sanger,whole_embryo,WS_wEMB12142138,7492,TRUE,7492,Sanger,WS_wEMB12142138,,
Wellcome_Sanger,whole_embryo,WS_wEMB12142139,7045,TRUE,7045,Sanger,WS_wEMB12142139,,
Wellcome_Sanger,whole_embryo,WS_wEMB12142140,7501,TRUE,7501,Sanger,WS_wEMB12142140,,
Wellcome_Sanger,whole_embryo,WS_wEMB12142141,7700,TRUE,7700,Sanger,WS_wEMB12142141,,
Wellcome_Sanger,whole_embryo,WS_wEMB12142142,3706,TRUE,3706,Sanger,WS_wEMB12142142,,
Wellcome_Sanger,whole_embryo,WS_wEMB12142143,7002,TRUE,7002,Sanger,WS_wEMB12142143,,
Wellcome_Sanger,whole_embryo,WS_wEMB12142144,7058,TRUE,7058,Sanger,WS_wEMB12142144,,
Wellcome_Sanger,whole_embryo,WS_wEMB12142145,6796,TRUE,6796,Sanger,WS_wEMB12142145,,
Wellcome_Sanger,whole_embryo,WS_wEMB12142146,7485,TRUE,7485,Sanger,WS_wEMB12142146,,
Wellcome_Sanger,whole_embryo,WS_wEMB12142147,8779,TRUE,8779,Sanger,WS_wEMB12142147,,
Wellcome_Sanger,whole_embryo,WS_wEMB12142148,10454,TRUE,10454,Sanger,WS_wEMB12142148,,
Wellcome_Sanger,whole_embryo,WS_wEMB12142149,7258,TRUE,7258,Sanger,WS_wEMB12142149,,
Wellcome_Sanger,whole_embryo,WS_wEMB12142150,6905,TRUE,6905,Sanger,WS_wEMB12142150,,
Wellcome_Sanger,whole_embryo,WS_wEMB12142151,7505,TRUE,7505,Sanger,WS_wEMB12142151,,
Wellcome_Sanger,whole_embryo,WS_wEMB12142152,6961,TRUE,6961,Sanger,WS_wEMB12142152,,
Wellcome_Sanger,whole_embryo,WS_wEMB12142153,6641,TRUE,6641,Sanger,WS_wEMB12142153,,
Wellcome_Sanger,whole_embryo,WS_wEMB12142154,6673,TRUE,6673,Sanger,WS_wEMB12142154,,
Wellcome_Sanger,whole_embryo,WS_wEMB12142155,7907,TRUE,7907,Sanger,WS_wEMB12142155,,
Roche,Yu_et_al_2020_Cell,HT-231_D117_Stomach-antrum,1160,FALSE,1160,E-MTAB-10187,ERS5890152,,HT-231_Stomach-antrum
Roche,Yu_et_al_2020_Cell,HT-231_D117_Stomach-corpus,1516,FALSE,1516,E-MTAB-10187,ERS5890153,,HT-231_Stomach-corpus
Roche,Yu_et_al_2020_Cell,HT-232_D100_Stomach-antrum,2156,FALSE,2156,E-MTAB-10187,ERS5890155,,HT-232_Stomach-antrum
Roche,Yu_et_al_2020_Cell,HT-232_D100_Stomach-corpus,2639,FALSE,2639,E-MTAB-10187,ERS5890156,,HT-232_Stomach-corpus
Roche,Yu_et_al_2020_Cell,HT-243_D47_Stomach,4515,FALSE,4515,E-MTAB-10187,ERS5890161,,HT-243_Stomach
Wellcome_Sanger,Zhang_et_al_2020_bioRxiv,5386STDY7537944,4501,TRUE,4501,Sanger,5386STDY7537944,,
Wellcome_Sanger,Zhang_et_al_2020_bioRxiv,5386STDY7557335,2542,TRUE,2542,Sanger,5386STDY7557335,,
Wellcome_Sanger,Zhang_et_al_2020_bioRxiv,5386STDY7557336,3630,TRUE,3630,Sanger,5386STDY7557336,,
Wellcome_Sanger,Zhang_et_al_2020_bioRxiv,5386STDY7557337,3586,TRUE,3586,Sanger,5386STDY7557337,,
Wellcome_Sanger,Zhang_et_al_2020_bioRxiv,5478STDY7652318,3617,TRUE,3617,Sanger,5478STDY7652318,,
Wellcome_Sanger,Zhang_et_al_2020_bioRxiv,5478STDY7717491,5313,TRUE,5313,Sanger,5478STDY7717491,,
Wellcome_Sanger,Zhang_et_al_2020_bioRxiv,5478STDY7717492,5263,TRUE,5263,Sanger,5478STDY7717492,,
Wellcome_Sanger,Zhang_et_al_2020_bioRxiv,5478STDY7935101,6215,TRUE,6215,Sanger,5478STDY7935101,,
Wellcome_Sanger,Zhang_et_al_2020_bioRxiv,5478STDY7935102,6221,TRUE,6221,Sanger,5478STDY7935102,,
Wellcome_Sanger,Zhang_et_al_2020_bioRxiv,5478STDY7980348,3210,TRUE,3210,Sanger,5478STDY7980348,,
Wellcome_Sanger,Zhang_et_al_2020_bioRxiv,5478STDY7980349,3427,TRUE,3427,Sanger,5478STDY7980349,,
Wellcome_Sanger,Zhang_et_al_2020_bioRxiv,FCAImmP7536758,4108,TRUE,4108,Sanger,FCAImmP7536758,,
Wellcome_Sanger,Zhang_et_al_2020_bioRxiv,FCAImmP7536759,4349,TRUE,4349,Sanger,FCAImmP7536759,,
Wellcome_Sanger,Zhang_et_al_2020_bioRxiv,WSSS_THYst8796437,7735,TRUE,7735,Sanger,WSSS_THYst8796437,,
Wellcome_Sanger,Zhang_et_al_2020_bioRxiv,WSSS_THYst8796438,4162,TRUE,4162,Sanger,WSSS_THYst8796438,,
Wellcome_Sanger,Zhang_et_al_2020_bioRxiv,WSSS_THYst8796439,7186,TRUE,7186,Sanger,WSSS_THYst8796439,,
Wellcome_Sanger,Zhang_et_al_2020_bioRxiv,WSSS_THYst8796440,2669,TRUE,2669,Sanger,WSSS_THYst8796440,,
Wellcome_Sanger,Zhang_et_al_2020_bioRxiv,WSSS_THYst8796441,4121,TRUE,4121,Sanger,WSSS_THYst8796441,,
Wellcome_Sanger,Zhang_et_al_2020_bioRxiv,WSSS_THYst8796442,8613,TRUE,8613,Sanger,WSSS_THYst8796442,,
Wellcome_Sanger,Zhang_et_al_2020_bioRxiv,WSSS_THYst9384953,4662,TRUE,4662,Sanger,WSSS_THYst9384953,,
Wellcome_Sanger,Zhang_et_al_2020_bioRxiv,WSSS_THYst9384954,3557,TRUE,3557,Sanger,WSSS_THYst9384954,,
Wellcome_Sanger,Zhang_et_al_2020_bioRxiv,WSSS_THYst9384955,3917,TRUE,3917,Sanger,WSSS_THYst9384955,,
Wellcome_Sanger,Zhang_et_al_2020_bioRxiv,WSSS_THYst9384956,4862,TRUE,4862,Sanger,WSSS_THYst9384956,,
Wellcome_Sanger,Zhang_et_al_2020_bioRxiv,WSSS_THYst9384957,3624,TRUE,3624,Sanger,WSSS_THYst9384957,,
Wellcome_Sanger,Zhang_et_al_2020_bioRxiv,WSSS_THYst9384958,2904,TRUE,2904,Sanger,WSSS_THYst9384958,,