dataset,sample_title
Kanemaru_et_al_2024_bioRxiv,BHF_F_Hea10402917
Kanemaru_et_al_2024_bioRxiv,BHF_F_Hea10402918
Kanemaru_et_al_2024_bioRxiv,BHF_F_Hea11064670
Kanemaru_et_al_2024_bioRxiv,BHF_F_Hea11064671
Kanemaru_et_al_2024_bioRxiv,BHF_F_Hea11064672
Kanemaru_et_al_2024_bioRxiv,BHF_F_Hea11192323
Kanemaru_et_al_2024_bioRxiv,BHF_F_Hea11192324
Kanemaru_et_al_2024_bioRxiv,BHF_F_Hea11192325
Kanemaru_et_al_2024_bioRxiv,BHF_F_Hea11192326
Kanemaru_et_al_2024_bioRxiv,BHF_F_Hea11192327
Kanemaru_et_al_2024_bioRxiv,BHF_F_Hea11192328
Kanemaru_et_al_2024_bioRxiv,BHF_F_Hea11933664
Kanemaru_et_al_2024_bioRxiv,BHF_F_Hea11933665
Kanemaru_et_al_2024_bioRxiv,BHF_F_Hea11933666
Kanemaru_et_al_2024_bioRxiv,BHF_F_Hea11933667
Kanemaru_et_al_2024_bioRxiv,BHF_F_Hea11933668
Kanemaru_et_al_2024_bioRxiv,BHF_F_Hea11933669
Kanemaru_et_al_2024_bioRxiv,BHF_F_Hea11933670
Kanemaru_et_al_2024_bioRxiv,BHF_F_Hea11933671
Kanemaru_et_al_2024_bioRxiv,BHF_F_Hea11933672
Kanemaru_et_al_2024_bioRxiv,BHF_F_Hea11933673
Kanemaru_et_al_2024_bioRxiv,BHF_F_Hea11933674
Kanemaru_et_al_2024_bioRxiv,BHF_F_Hea11933675
